,Unnamed: 0,nightdate,jd,field,rcid,ra0,dec0,nalertpackets,programid,expid,fid,scimaglim,diffmaglim,sciinpseeing,difffwhm,exptime,status,exitcode
0,742565, 2019-04-25 ,2458598.8460417003,1,5,180.9999516639,59.69516921466999,3,2,84434604,2,21.51,20.4051,1.5196,2.28953,30,1,0
1,742566, 2019-04-25 ,2458598.8460417003,1,17,184.9625048382,61.52512877731999,0,2,84434604,2,21.45,20.4238,1.5602,2.30875,30,1,56
2,742567, 2019-04-25 ,2458598.8460417003,1,50,185.4911110293,64.47581142726999,10,2,84434604,2,21.42,20.5397,1.6065,2.35211,30,1,0
3,742568, 2019-04-25 ,2458598.8460417003,1,37,181.1304132632,63.52565893274,2,2,84434604,2,21.44,20.4022,1.5422,2.24496,30,1,0
4,742569, 2019-04-25 ,2458598.8460417003,1,26,177.2464298578,60.71991470854,4,2,84434604,2,21.49,20.4654,1.516,2.34943,30,1,0
5,742570, 2019-04-25 ,2458598.8460417003,1,56,178.8401757019,65.43985108695,4,2,84434604,2,21.39,20.4048,1.5386,2.29779,30,1,0
6,742571, 2019-04-25 ,2458598.8460417003,1,63,174.5652777338,64.47795488770001,4,2,84434604,2,21.31,20.4294,1.6427,2.27569,30,1,0
7,742572, 2019-04-25 ,2458598.8460417003,1,8,179.0427034561,59.69584385912,9,2,84434604,2,21.51,20.4974,1.5206,2.29504,30,1,0
8,742573, 2019-04-25 ,2458598.8460417003,1,44,174.7622188771,63.43609720701,5,2,84434604,2,21.36,20.4326,1.7296,2.26735,30,1,0
9,742574, 2019-04-25 ,2458598.8460417003,1,7,182.6426125247,58.80509616615,2,2,84434604,2,21.48,20.456,1.5794,2.28123,30,1,0
10,742575, 2019-04-25 ,2458598.8460417003,1,34,185.1365086664,62.56714815963,7,2,84434604,2,21.47,20.3822,1.7168,2.40784,30,1,0
11,742576, 2019-04-25 ,2458598.8460417003,1,0,186.3702057744,59.5444317692,7,2,84434604,2,21.38,20.3784,1.6205,2.26735,30,1,0
12,742577, 2019-04-25 ,2458598.8460417003,1,36,183.0671324855,63.49777333133,3,2,84434604,2,21.45,20.5149,1.4953,2.25058,30,1,0
13,742578, 2019-04-25 ,2458598.8460417003,1,53,181.2189206021,65.43808232859,5,2,84434604,2,21.38,20.3615,1.5402,2.34135,30,1,0
14,742579, 2019-04-25 ,2458598.8460417003,1,23,182.7986160214,60.71652935484,7,2,84434604,2,21.52,20.5317,1.5098,2.32239,30,1,0
15,742580, 2019-04-25 ,2458598.8460417003,1,12,175.3670664751,59.61774086663,11,2,84434604,2,21.45,20.4291,1.5328,2.31149,30,1,0
16,742581, 2019-04-25 ,2458598.8460417003,1,52,183.2951027573,65.40553699252,6,2,84434604,2,21.4,20.4247,1.5444,2.30602,30,1,0
17,742582, 2019-04-25 ,2458598.8460417003,1,31,175.2157946508,60.66227925359,1,2,84434604,2,21.44,20.4559,1.5208,2.32782,30,1,0
18,742583, 2019-04-25 ,2458598.8460417003,1,38,181.0980572029,62.65936543702,4,2,84434604,2,21.46,20.3949,1.561,2.29228,30,1,0
19,742584, 2019-04-25 ,2458598.8460417003,1,55,183.1862280211,64.54038474104,1,2,84434604,2,21.44,20.4686,1.5247,2.30053,30,1,0
20,742585, 2019-04-25 ,2458598.8460417003,1,61,172.3312494169,65.25097854795,1,2,84434604,2,21.06,20.1524,1.889,2.44945,30,1,0
21,742586, 2019-04-25 ,2458598.8460417003,1,19,186.5825322362,60.58544868826,3,2,84434604,2,21.43,20.6066,1.654,2.39205,30,1,0
22,742587, 2019-04-25 ,2458598.8460417003,1,27,179.01329404380002,60.74611551931,7,2,84434604,2,21.48,20.4756,1.5149,2.34135,30,1,0
23,742588, 2019-04-25 ,2458598.8460417003,1,22,181.0318912732,60.74192584424,10,2,84434604,2,21.52,20.4067,1.4931,2.27291,30,1,0
24,742589, 2019-04-25 ,2458598.8460417003,1,57,176.76389703130002,65.4079229614,3,2,84434604,2,21.34,20.3111,1.6121,2.28676,30,1,0
25,742590, 2019-04-25 ,2458598.8460417003,1,4,182.7111099756,59.67075317193001,3,2,84434604,2,21.5,20.5439,1.5348,2.29504,30,1,0
26,742591, 2019-04-25 ,2458598.8460417003,1,29,173.27595104259998,61.44704407617,1,2,84434604,2,21.32,20.3902,1.6635,2.27569,30,1,0
27,742592, 2019-04-25 ,2458598.8460417003,1,35,187.001711208,62.48655260528001,2,2,84434604,2,21.36,20.4111,1.7623,2.33324,30,1,0
28,742593, 2019-04-25 ,2458598.8460417003,1,13,173.6663383373,59.54610557496,3,2,84434604,2,21.32,20.2804,1.6208,2.25898,30,1,0
29,742594, 2019-04-25 ,2458598.8460417003,1,54,181.1762377063,64.57187072341,7,2,84434604,2,21.45,20.4329,1.474,2.25338,30,1,0
30,742595, 2019-04-25 ,2458598.8460417003,1,24,178.9824703196,61.61238660314,7,2,84434604,2,21.48,20.5328,1.5556,2.33865,30,1,0
31,742596, 2019-04-25 ,2458598.8460417003,1,49,185.6698293143,65.33877611803,6,2,84434604,2,21.39,20.2978,1.5853,2.34135,30,1,0
32,742597, 2019-04-25 ,2458598.8460417003,1,6,180.9745009373,58.82891057346,0,2,84434604,2,21.5,20.3995,1.5564,2.28123,30,0,44
33,742598, 2019-04-25 ,2458598.8460417003,1,16,186.7655843414,61.447104303390006,5,2,84434604,2,21.4,20.4775,1.746,2.2617700000000003,30,1,0
34,742599, 2019-04-25 ,2458598.8460417003,1,46,173.0531839399,62.49083443091,0,2,84434604,2,21.26,20.3162,1.7297,2.30875,30,1,56
35,742600, 2019-04-25 ,2458598.8460417003,1,41,176.98324034599997,63.49938290795,1,2,84434604,2,21.43,20.3826,1.5901,2.27013,30,1,0
36,742601, 2019-04-25 ,2458598.8460417003,1,32,187.2095065273,63.34758656359,4,2,84434604,2,21.33,20.4684,1.6794,2.26456,30,1,0
37,742602, 2019-04-25 ,2458598.8460417003,1,60,174.38754579259998,65.34096002119,3,2,84434604,2,21.25,20.339,1.74,2.33053,30,1,0
38,742603, 2019-04-25 ,2458598.8460417003,1,2,184.547464993,58.7553736547,4,2,84434604,2,21.48,20.2928,1.5523,2.28123,30,1,0
39,742604, 2019-04-25 ,2458598.8460417003,1,40,178.92006091759998,63.52702820343001,8,2,84434604,2,21.49,20.4874,1.5574,2.27291,30,1,0
40,742605, 2019-04-25 ,2458598.8460417003,1,11,179.064515282,58.82958844109,5,2,84434604,2,21.49,20.4149,1.5579,2.35211,30,1,0
41,742606, 2019-04-25 ,2458598.8460417003,1,30,173.4610843603,60.58561315993,1,2,84434604,2,21.35,20.3279,1.6442,2.2365,30,1,0
42,742607, 2019-04-25 ,2458598.8460417003,1,33,185.2892937045,63.430591902,5,2,84434604,2,21.4,20.4074,1.6686,2.39733,30,1,0
43,742608, 2019-04-25 ,2458598.8460417003,1,62,172.5730516292,64.39086473326999,3,2,84434604,2,21.17,20.2578,1.7655,2.38676,30,1,0
44,742609, 2019-04-25 ,2458598.8460417003,1,59,178.88223456720002,64.57358945215,7,2,84434604,2,21.4,20.4218,1.5326,2.28123,30,1,0
45,742610, 2019-04-25 ,2458598.8460417003,1,3,186.2054391354,58.68247638759,4,2,84434604,2,21.3,20.2869,1.6881,2.31967,30,1,0
46,742611, 2019-04-25 ,2458598.8460417003,1,14,173.8253070373,58.68384925804,1,2,84434604,2,21.28,20.1914,1.6594,2.22801,30,1,0
47,742612, 2019-04-25 ,2458598.8460417003,1,1,184.6700510967,59.61926965155,7,2,84434604,2,21.51,20.3629,1.5191,2.30328,30,1,0
48,742613, 2019-04-25 ,2458598.8460417003,1,15,175.48385919990002,58.75359884912,8,2,84434604,2,21.46,20.3724,1.5116,2.31967,30,1,0
49,742614, 2019-04-25 ,2458598.8460417003,1,18,184.8275378784,60.66130133801999,5,2,84434604,2,21.5,20.4094,1.5808,2.33053,30,1,0
50,742615, 2019-04-25 ,2458598.8460417003,1,9,177.3312654864,59.67341989646,3,2,84434604,2,21.44,20.3841,1.5482,2.26456,30,1,0
51,742616, 2019-04-25 ,2458598.8460417003,1,51,187.4829779794,64.38809565764,6,2,84434604,2,21.33,20.5239,1.6035,2.39733,30,1,0
52,742617, 2019-04-25 ,2458598.8460417003,1,39,182.9780779866,62.63231779725,3,2,84434604,2,21.49,20.4951,1.6258,2.31149,30,1,0
53,742618, 2019-04-25 ,2458598.8460417003,1,48,187.7255977649,65.2481182686,6,2,84434604,2,21.28,20.3099,1.6299,2.35748,30,1,0
54,742619, 2019-04-25 ,2458598.8460417003,1,47,174.91852416720002,62.572698683240006,4,2,84434604,2,21.4,20.3961,1.6807,2.39469,30,1,0
55,742620, 2019-04-25 ,2458598.8460417003,1,42,177.0724273989,62.63397652927,2,2,84434604,2,21.43,20.3325,1.6182,2.37616,30,1,0
56,742621, 2019-04-25 ,2458598.8460417003,1,20,182.8764669938,61.58201952492,3,2,84434604,2,21.47,20.4979,1.5601,2.27846,30,1,0
57,742622, 2019-04-25 ,2458598.8460417003,1,43,178.9525477796,62.66085128899,7,2,84434604,2,21.45,20.4698,1.5498,2.34674,30,1,0
58,742623, 2019-04-25 ,2458598.8460417003,1,25,177.1662928524,61.58537922955,4,2,84434604,2,21.44,20.4115,1.5689,2.30875,30,1,0
59,742624, 2019-04-25 ,2458598.8460417003,1,21,181.060505144,61.60815683959001,6,2,84434604,2,21.46,20.3986,1.5201,2.27846,30,1,0
60,742625, 2019-04-25 ,2458598.8460417003,1,58,176.8717414904,64.54272980824,2,2,84434604,2,21.39,20.3586,1.5944,2.26735,30,1,0
61,742626, 2019-04-25 ,2458598.8460417003,1,10,177.3961128884,58.80773919285999,3,2,84434604,2,21.45,20.3162,1.5643,2.36016,30,1,0
62,742627, 2019-04-25 ,2458598.8460417003,1,28,175.0787344593,61.52592259846999,6,2,84434604,2,21.43,20.512,1.5922,2.29779,30,1,0
63,742628, 2019-04-25 ,2458598.8460417003,1,45,172.8417966915,63.35161738995,2,2,84434604,2,21.25,20.2892,1.7824,2.30875,30,1,0
64,742629, 2019-04-25 ,2458598.8465162003,1,18,195.3588926664,53.48314037334001,3,2,84434651,2,21.51,20.4367,1.6943,2.37881,30,1,0
65,742630, 2019-04-25 ,2458598.8465162003,1,52,193.9935881178,58.21618152913,6,2,84434651,2,21.53,20.4783,1.4973,2.29504,30,1,0
66,742631, 2019-04-25 ,2458598.8465162003,1,0,196.6707347478,52.38176342732,3,2,84434651,2,21.39,20.4218,1.8142,2.32511,30,1,0
67,742632, 2019-04-25 ,2458598.8465162003,1,8,190.5912502287,52.49901949186,5,2,84434651,2,21.65,20.5587,1.4574,2.24496,30,1,0
68,742633, 2019-04-25 ,2458598.8465162003,1,12,187.5422364661,52.44047843198,5,2,84434651,2,21.62,20.5104,1.4882,2.2840000000000003,30,1,0
69,742634, 2019-04-25 ,2458598.8465162003,1,35,197.0684741402,55.33031713606999,4,2,84434651,2,21.43,20.4919,1.8596,2.3735,30,1,0
70,742635, 2019-04-25 ,2458598.8465162003,1,62,185.4631196894,57.24284559811999,7,2,84434651,2,21.26,20.3757,1.756,2.31967,30,1,0
71,742636, 2019-04-25 ,2458598.8465162003,1,14,186.2292522366,51.52233804914,2,2,84434651,2,21.38,20.3814,1.5946,2.20808,30,1,0
72,742637, 2019-04-25 ,2458598.8465162003,1,63,187.0570544124,57.3070841809,2,2,84434651,2,21.43,20.5194,1.5615,2.28123,30,1,0
73,742638, 2019-04-25 ,2458598.8465162003,1,5,192.2133677305,52.4979260961,7,2,84434651,2,21.59,20.4485,1.6556,2.28676,30,1,0
74,742639, 2019-04-25 ,2458598.8465162003,1,60,186.9533888019,58.17159931956,2,2,84434651,2,21.33,20.3571,1.8065,2.32782,30,1,0
75,742640, 2019-04-25 ,2458598.8465162003,1,59,190.4994098966,57.37700921226,11,2,84434651,2,21.51,20.5188,1.4585,2.2617700000000003,30,1,0
76,742641, 2019-04-25 ,2458598.8465162003,1,31,187.4478086542,53.48610748342,2,2,84434651,2,21.54,20.5209,1.5078,2.09959,30,1,0
77,742642, 2019-04-25 ,2458598.8465162003,1,23,193.6878920437,53.52495205546,3,2,84434651,2,21.58,20.5627,1.5874,2.37881,30,1,0
78,742643, 2019-04-25 ,2458598.8465162003,1,39,193.80044266060003,55.441501290130006,2,2,84434651,2,21.49,20.5165,1.8548,2.37616,30,1,0
79,742644, 2019-04-25 ,2458598.8465162003,1,15,187.6159472867,51.5754707923,1,2,84434651,2,21.57,20.4517,1.4662,2.15891,30,1,0
80,742645, 2019-04-25 ,2458598.8465162003,1,38,192.2769638643,55.46223648813001,4,2,84434651,2,21.55,20.5532,1.6744,2.33865,30,1,0
81,742646, 2019-04-25 ,2458598.8465162003,1,19,196.8068815329,53.42485607572001,6,2,84434651,2,21.42,20.5623,1.8098,2.38941,30,1,0
82,742647, 2019-04-25 ,2458598.8465162003,1,40,190.5201328385,56.33041049577,1,2,84434651,2,21.6,20.5669,1.4864,2.22518,30,1,0
83,742648, 2019-04-25 ,2458598.8465162003,1,43,190.5390365816,55.46415088782,5,2,84434651,2,21.57,20.5047,1.5609,2.3655,30,1,0
84,742649, 2019-04-25 ,2458598.8465162003,1,45,185.6226650436,56.20057252216,6,2,84434651,2,21.34,20.4039,1.7515,2.27569,30,1,0
85,742650, 2019-04-25 ,2458598.8465162003,1,16,196.9218761304,54.28839050296,1,2,84434651,2,21.46,20.4962,1.8574,2.34405,30,1,0
86,742651, 2019-04-25 ,2458598.8465162003,1,22,192.2342783679,53.544726562040005,5,2,84434651,2,21.57,20.45,1.5506,2.34405,30,1,0
87,742652, 2019-04-25 ,2458598.8465162003,1,49,195.8729690672,58.167249356940005,4,2,84434651,2,21.51,20.3865,1.5256,2.30053,30,1,0
88,742653, 2019-04-25 ,2458598.8465162003,1,30,185.9999245425,53.4277945112,2,2,84434651,2,21.46,20.4299,1.6085,2.22234,30,1,0
89,742654, 2019-04-25 ,2458598.8465162003,1,17,195.4438319547,54.34797188893,5,2,84434651,2,21.51,20.5392,1.7158,2.38676,30,1,0
90,742655, 2019-04-25 ,2458598.8465162003,1,1,195.2576037036,52.43997992183,5,2,84434651,2,21.5,20.5359,1.6271,2.30875,30,1,0
91,742656, 2019-04-25 ,2458598.8465162003,1,50,195.7668869948,57.302845516880005,11,2,84434651,2,21.6,20.5565,1.4474,2.26735,30,1,0
92,742657, 2019-04-25 ,2458598.8465162003,1,4,193.6321045348,52.4788239156,6,2,84434651,2,21.57,20.5544,1.5632,2.33865,30,1,0
93,742658, 2019-04-25 ,2458598.8465162003,1,44,187.173255256,56.26354886508,3,2,84434651,2,21.5,20.5693,1.5505,2.19948,30,1,0
94,742659, 2019-04-25 ,2458598.8465162003,1,61,185.3213582159,58.10569871788,3,2,84434651,2,21.16,20.2485,1.9173,2.44429,30,1,0
95,742660, 2019-04-25 ,2458598.8465162003,1,3,196.5639156602,51.51813333362001,0,2,84434651,2,21.25,20.3458,1.7717,2.3655,30,1,56
96,742661, 2019-04-25 ,2458598.8465162003,1,20,193.7370322934,54.39076365334001,3,2,84434651,2,21.55,20.5163,1.7172,2.2617700000000003,30,1,0
97,742662, 2019-04-25 ,2458598.8465162003,1,37,192.2972659361,56.32851527686,0,2,84434651,2,21.57,20.5559,1.4647,2.27569,30,0,44
98,742663, 2019-04-25 ,2458598.8465162003,1,58,188.8975404871,57.354038155240005,2,2,84434651,2,21.49,20.4544,1.5716,2.27569,30,1,0
99,742664, 2019-04-25 ,2458598.8465162003,1,32,197.1953490793,56.19359652184,4,2,84434651,2,21.43,20.507,1.8602,2.27013,30,1,0
100,742665, 2019-04-25 ,2458598.8465162003,1,6,192.1964695307,51.63164640293,5,2,84434651,2,21.58,20.4053,1.5041,2.40522,30,1,0
101,742666, 2019-04-25 ,2458598.8465162003,1,25,189.07077226400003,54.39530483739,2,2,84434651,2,21.54,20.5478,1.5561,2.39469,30,1,0
102,742667, 2019-04-25 ,2458598.8465162003,1,10,189.2124245306,51.61670716149,0,2,84434651,2,21.58,20.4365,1.5182,2.27846,30,0,44
103,742668, 2019-04-25 ,2458598.8465162003,1,27,190.5741364787,53.54932662788,3,2,84434651,2,21.58,20.6057,1.5061,2.26735,30,1,0
104,742669, 2019-04-25 ,2458598.8465162003,1,2,195.17776613810005,51.57518482663,0,2,84434651,2,21.46,20.4853,1.6289,2.28123,30,1,56
105,742670, 2019-04-25 ,2458598.8465162003,1,29,185.8846326989,54.29119172872,4,2,84434651,2,21.44,20.4216,1.6607,2.27569,30,1,0
106,742671, 2019-04-25 ,2458598.8465162003,1,13,186.1285486017,52.38621272807,0,2,84434651,2,21.46,20.4189,1.5642,2.19373,30,1,56
107,742672, 2019-04-25 ,2458598.8465162003,1,26,189.1203166686,53.52953234707,3,2,84434651,2,21.54,20.6221,1.4961,2.2617700000000003,30,1,0
108,742673, 2019-04-25 ,2458598.8465162003,1,55,193.9278341771,57.35051251539001,9,2,84434651,2,21.6,20.5561,1.4352,2.28953,30,1,0
109,742674, 2019-04-25 ,2458598.8465162003,1,46,185.7509989891,55.33744698790999,2,2,84434651,2,21.41,20.4093,1.6979,2.26456,30,1,0
110,742675, 2019-04-25 ,2458598.8465162003,1,47,187.2677592974,55.398906672790005,6,2,84434651,2,21.52,20.5492,1.606,2.27013,30,1,0
111,742676, 2019-04-25 ,2458598.8465162003,1,9,189.1723451527,52.4826649481,3,2,84434651,2,21.58,20.4768,1.4702,2.25618,30,1,0
112,742677, 2019-04-25 ,2458598.8465162003,1,51,197.3604486916,57.23713289653001,8,2,84434651,2,21.42,20.6848,1.5274,2.47254,30,1,0
113,742678, 2019-04-25 ,2458598.8465162003,1,7,193.5877892671,51.6128931894,3,2,84434651,2,21.55,20.4804,1.5656,2.33053,30,1,0
114,742679, 2019-04-25 ,2458598.8465162003,1,41,188.9622461632,56.31015847405,2,2,84434651,2,21.54,20.5812,1.6224,2.18797,30,1,0
115,742680, 2019-04-25 ,2458598.8465162003,1,42,189.0154592962,55.44438160292,2,2,84434651,2,21.52,20.4496,1.5830000000000002,2.27291,30,1,0
116,742681, 2019-04-25 ,2458598.8465162003,1,36,193.8550934549,56.30728689389,3,2,84434651,2,21.46,20.7151,1.5028,2.24777,30,1,0
117,742682, 2019-04-25 ,2458598.8465162003,1,56,190.4747704314,58.24334962332,2,2,84434651,2,21.5,20.4813,1.5889,2.29779,30,1,0
118,742683, 2019-04-25 ,2458598.8465162003,1,57,188.8342266921,58.21976735713,3,2,84434651,2,21.42,20.4804,1.6533,2.25338,30,1,0
119,742684, 2019-04-25 ,2458598.8465162003,1,28,187.3626003789,54.35088512330999,1,2,84434651,2,21.53,20.566,1.5794,2.29779,30,1,0
120,742685, 2019-04-25 ,2458598.8465162003,1,33,195.6450383748,56.25596361344,9,2,84434651,2,21.48,20.5257,1.6488,2.33865,30,1,0
121,742686, 2019-04-25 ,2458598.8465162003,1,48,197.5045097473,58.09989844846,12,2,84434651,2,21.38,20.4625,1.5992,2.45717,30,1,0
122,742687, 2019-04-25 ,2458598.8465162003,1,34,195.5519235014,55.39125724441,3,2,84434651,2,21.52,20.4286,1.8295,2.34674,30,1,0
123,742688, 2019-04-25 ,2458598.8465162003,1,24,190.5551054954,54.41558235037,6,2,84434651,2,21.6,20.5457,1.5384,2.32511,30,1,0
124,742689, 2019-04-25 ,2458598.8465162003,1,21,192.2528553437,54.41097461908,7,2,84434651,2,21.54,20.5344,1.526,2.32511,30,1,0
125,742690, 2019-04-25 ,2458598.8465162003,1,54,192.3263263145,57.37480278628,6,2,84434651,2,21.58,20.4351,1.4301,2.27569,30,1,0
126,742691, 2019-04-25 ,2458598.8465162003,1,11,190.6038764204,51.63273032357,2,2,84434651,2,21.62,20.4721,1.618,2.32511,30,1,0
127,742692, 2019-04-25 ,2458598.8465162003,1,53,192.3532425085,58.24107921745999,6,2,84434651,2,21.54,20.4557,1.4751,2.30602,30,1,0
128,742693, 2019-04-25 ,2458598.8469676003,1,41,192.8919693103,49.11580327631,2,2,84434696,2,21.55,20.5642,1.7154,2.26735,30,1,0
129,742694, 2019-04-25 ,2458598.8469676003,1,19,199.6152531858,46.25267061193,7,2,84434696,2,21.58,20.7358,1.6523,2.38412,30,1,0
130,742695, 2019-04-25 ,2458598.8469676003,1,55,197.0860851995,50.1566229847,7,2,84434696,2,21.67,20.6337,1.4369999999999998,2.33324,30,1,0
131,742696, 2019-04-25 ,2458598.8469676003,1,39,197.0023178173,48.24708300109,3,2,84434696,2,21.62,20.7315,1.6638,2.18508,30,1,0
132,742697, 2019-04-25 ,2458598.8469676003,1,17,198.4235381459,47.1635504551,3,2,84434696,2,21.62,20.6477,1.6852,2.32511,30,1,0
133,742698, 2019-04-25 ,2458598.8469676003,1,7,196.8595976261,44.41772394954,6,2,84434696,2,21.57,20.5197,1.59,2.35211,30,1,0
134,742699, 2019-04-25 ,2458598.8469676003,1,35,199.7895410926,48.16056022519,8,2,84434696,2,21.61,20.5898,1.5857,2.33595,30,1,0
135,742700, 2019-04-25 ,2458598.8469676003,1,6,195.6499960499,44.432495649470006,10,2,84434696,2,21.59,20.4742,1.531,2.36016,30,1,0
136,742701, 2019-04-25 ,2458598.8469676003,1,54,195.7375305926,50.17582653353,9,2,84434696,2,21.65,20.6088,1.4238,2.31967,30,1,0
137,742702, 2019-04-25 ,2458598.8469676003,1,52,197.1292317244,51.02256469569,6,2,84434696,2,21.56,20.5632,1.6447,2.30875,30,1,0
138,742703, 2019-04-25 ,2458598.8469676003,1,31,191.5546961432,46.30094685679,2,2,84434696,2,21.45,20.5332,1.9182,2.35211,30,1,0
139,742704, 2019-04-25 ,2458598.8469676003,1,62,189.9550549163,50.07526316217,2,2,84434696,2,21.28,20.4116,1.917,2.34943,30,1,0
140,742705, 2019-04-25 ,2458598.8469676003,1,5,195.6616885619,45.29879625491,7,2,84434696,2,21.58,20.6078,1.5619999999999998,2.33865,30,1,0
141,742706, 2019-04-25 ,2458598.8469676003,1,25,192.9620593524,47.20052007451,0,2,84434696,2,21.52,20.4597,1.8716,2.50048,30,0,44
142,742707, 2019-04-25 ,2458598.8469676003,1,51,199.9804773925,50.07016650136,17,2,84434696,2,21.5,20.5459,1.5442,2.34405,30,1,0
143,742708, 2019-04-25 ,2458598.8469676003,1,42,192.9266478662,48.24976229682,5,2,84434696,2,21.52,20.6391,1.6819,2.3548,30,1,0
144,742709, 2019-04-25 ,2458598.8469676003,1,34,198.4953283178,48.20765490219,6,2,84434696,2,21.67,20.6005,1.5436,2.42613,30,1,0
145,742710, 2019-04-25 ,2458598.8469676003,1,0,199.522621114,45.20829381586,2,2,84434696,2,21.45,20.5232,1.7121,2.24496,30,1,0
146,742711, 2019-04-25 ,2458598.8469676003,1,20,196.9601755801,47.19610192597,5,2,84434696,2,21.6,20.5871,1.7342,2.35211,30,1,0
147,742712, 2019-04-25 ,2458598.8469676003,1,18,198.3666930634,46.298147897540005,8,2,84434696,2,21.54,20.7218,1.6431,2.34674,30,1,0
148,742713, 2019-04-25 ,2458598.8469676003,1,11,194.2657568383,44.43350116689,0,2,84434696,2,21.6,20.5973,1.4746,2.24214,30,0,44
149,742714, 2019-04-25 ,2458598.8469676003,1,29,190.2289738925,47.11977655951,0,2,84434696,2,21.29,20.3524,2.0499,2.4802,30,0,44
150,742715, 2019-04-25 ,2458598.8469676003,1,47,191.4370607503,48.21493780591,2,2,84434696,2,21.43,20.5243,2.0014,2.38676,30,1,0
151,742716, 2019-04-25 ,2458598.8469676003,1,58,192.8507987323,50.15992483014,1,2,84434696,2,21.51,20.5153,1.5805,2.29504,30,1,0
152,742717, 2019-04-25 ,2458598.8469676003,1,21,195.6884216993,47.21184011316,0,2,84434696,2,21.58,20.6047,1.7204,2.31967,30,1,56
153,742718, 2019-04-25 ,2458598.8469676003,1,44,191.3748479978,49.08017543285,0,2,84434696,2,21.45,20.5803,1.9231,2.30328,30,1,56
154,742719, 2019-04-25 ,2458598.8469676003,1,36,197.0381398575,49.11316168538,0,2,84434696,2,21.62,20.7064,1.508,2.17349,30,0,44
155,742720, 2019-04-25 ,2458598.8469676003,1,22,195.6758210811,46.345563821990005,7,2,84434696,2,21.61,20.5559,1.6191,2.43652,30,1,0
156,742721, 2019-04-25 ,2458598.8469676003,1,12,191.6179194046,45.25471685266,0,2,84434696,2,21.46,20.4562,1.7871,2.3708400000000003,30,0,44
157,742722, 2019-04-25 ,2458598.8469676003,1,26,192.9953448104,46.33453315939,4,2,84434696,2,21.48,20.6181,1.8813,2.28676,30,1,0
158,742723, 2019-04-25 ,2458598.8469676003,1,43,194.2245000563,48.26497139775,4,2,84434696,2,21.57,20.5713,1.7686,2.34135,30,1,0
159,742724, 2019-04-25 ,2458598.8469676003,1,46,190.1427958705,48.16715842074,1,2,84434696,2,21.28,20.4169,1.9112,2.43133,30,1,0
160,742725, 2019-04-25 ,2458598.8469676003,1,33,198.5562962252,49.07293888295,4,2,84434696,2,21.6,20.62,1.5156,2.43393,30,1,0
161,742726, 2019-04-25 ,2458598.8469676003,1,61,189.8638830918,50.93956005734999,4,2,84434696,2,21.29,20.3659,1.8191,2.36817,30,1,0
162,742727, 2019-04-25 ,2458598.8469676003,1,49,198.7042453914,50.98585075332,2,2,84434696,2,21.53,20.447,1.7188,2.32511,30,1,0
163,742728, 2019-04-25 ,2458598.8469676003,1,50,198.6358996317,50.12064866177,6,2,84434696,2,21.65,20.5847,1.4918,2.22234,30,1,0
164,742729, 2019-04-25 ,2458598.8469676003,1,28,191.4974349999,47.16627090972,5,2,84434696,2,21.44,20.5188,1.9299,2.42873,30,1,0
165,742730, 2019-04-25 ,2458598.8469676003,1,63,191.2998678766,50.12446155174,4,2,84434696,2,21.44,20.5601,1.8062,2.28676,30,1,0
166,742731, 2019-04-25 ,2458598.8469676003,1,16,199.6922450839,47.11727140665,5,2,84434696,2,21.58,20.6088,1.612,2.27569,30,1,0
167,742732, 2019-04-25 ,2458598.8469676003,1,1,198.2976043573,45.25430558314999,3,2,84434696,2,21.55,20.6197,1.6462,2.28123,30,1,0
168,742733, 2019-04-25 ,2458598.8469676003,1,24,194.2339407348,47.21644382363,10,2,84434696,2,21.49,20.4737,1.8238,2.51559,30,1,0
169,742734, 2019-04-25 ,2458598.8469676003,1,40,194.2122794377,49.13130722123,4,2,84434696,2,21.66,20.6698,1.6239,2.19373,30,1,0
170,742735, 2019-04-25 ,2458598.8469676003,1,27,194.2468712235,46.350155629140005,1,2,84434696,2,21.54,20.5911,1.8074,2.24496,30,1,0
171,742736, 2019-04-25 ,2458598.8469676003,1,59,194.1995686809,50.17787237515,6,2,84434696,2,21.62,20.5605,1.4787,2.40259,30,1,0
172,742737, 2019-04-25 ,2458598.8469676003,1,57,192.8094572069,51.02590716309,1,2,84434696,2,21.5,20.5123,1.5847,2.24777,30,1,0
173,742738, 2019-04-25 ,2458598.8469676003,1,4,196.8897767804,45.28375404242001,4,2,84434696,2,21.57,20.5241,1.6302,2.27291,30,1,0
174,742739, 2019-04-25 ,2458598.8469676003,1,32,199.8727184306,49.02503854467,6,2,84434696,2,21.57,20.6348,1.5434,2.24214,30,1,0
175,742740, 2019-04-25 ,2458598.8469676003,1,56,194.1831598342,51.044252662720005,7,2,84434696,2,21.55,20.5817,1.5987,2.25618,30,1,0
176,742741, 2019-04-25 ,2458598.8469676003,1,48,200.0735023504,50.93435198571,6,2,84434696,2,21.4,20.4174,1.8287,2.39996,30,1,0
177,742742, 2019-04-25 ,2458598.8469676003,1,8,194.2577925423,45.29984811495999,2,2,84434696,2,21.64,20.5335,1.5578,2.39996,30,1,0
178,742743, 2019-04-25 ,2458598.8469676003,1,23,196.9272767425,46.33009222410999,7,2,84434696,2,21.58,20.6945,1.625,2.31422,30,1,0
179,742744, 2019-04-25 ,2458598.8469676003,1,13,190.3925142402,45.2126240679,1,2,84434696,2,21.31,20.354,1.7295,2.30602,30,1,0
180,742745, 2019-04-25 ,2458598.8469676003,1,30,190.3062808406,46.25534121311,0,2,84434696,2,21.32,20.3235,2.1203,2.41308,30,1,56
181,742746, 2019-04-25 ,2458598.8469676003,1,3,199.4493679503,44.34376496859,2,2,84434696,2,21.32,20.4057,1.8672,2.34943,30,1,0
182,742747, 2019-04-25 ,2458598.8469676003,1,14,190.4603458429,44.34788752071,0,2,84434696,2,21.24,20.3139,1.6052,2.30328,30,1,56
183,742748, 2019-04-25 ,2458598.8469676003,1,38,195.7045691663,48.26313612016,4,2,84434696,2,21.64,20.6347,1.7858,2.35211,30,1,0
184,742749, 2019-04-25 ,2458598.8469676003,1,10,193.0559887358,44.42145638262,0,2,84434696,2,21.56,20.4825,1.5039,2.26735,30,0,44
185,742750, 2019-04-25 ,2458598.8469676003,1,9,193.0295967658,45.28754694282001,4,2,84434696,2,21.6,20.5546,1.6527,2.31422,30,1,0
186,742751, 2019-04-25 ,2458598.8469676003,1,53,195.755639902,51.04214503151,2,2,84434696,2,21.55,20.5475,1.5982,2.2840000000000003,30,1,0
187,742752, 2019-04-25 ,2458598.8469676003,1,2,198.2425680358,44.38900867806,9,2,84434696,2,21.51,20.4961,1.6476,2.34405,30,1,0
188,742753, 2019-04-25 ,2458598.8469676003,1,60,191.2333309478,50.98975929478,7,2,84434696,2,21.45,20.5706,1.6205,2.2617700000000003,30,1,0
189,742754, 2019-04-25 ,2458598.8469676003,1,45,190.0582388198,49.03152598634,1,2,84434696,2,21.33,20.4033,1.8467,2.39205,30,1,0
190,742755, 2019-04-25 ,2458598.8469676003,1,37,195.717921642,49.12949930984,7,2,84434696,2,21.64,20.612,1.5228,2.30053,30,1,0
191,742756, 2019-04-25 ,2458598.8469676003,1,15,191.6674557655,44.38930233796,2,2,84434696,2,21.46,20.3829,1.6718,2.27569,30,1,0
192,742757, 2019-04-25 ,2458598.847419,1,50,195.4749685158,42.933324632040005,6,2,84434741,2,21.67,20.6548,1.4511,2.29504,30,1,0
193,742758, 2019-04-25 ,2458598.847419,1,41,190.4378374329,41.91850866381,2,2,84434741,2,21.57,20.6045,1.7615,2.24214,30,1,0
194,742759, 2019-04-25 ,2458598.847419,1,35,196.5235199764,40.98312344733,7,2,84434741,2,21.59,20.599,1.5725,2.35748,30,1,0
195,742760, 2019-04-25 ,2458598.847419,1,13,188.1739686464,38.03113324939,0,2,84434741,2,21.47,20.4599,1.5942,2.17349,30,0,44
196,742761, 2019-04-25 ,2458598.847419,1,12,189.2702949334,38.06398362929001,0,2,84434741,2,21.67,20.6355,1.3878,2.17929,30,0,44
197,742762, 2019-04-25 ,2458598.847419,1,5,192.8853749395,38.098483186820005,4,2,84434741,2,21.67,20.4782,1.4611,2.33595,30,1,0
198,742763, 2019-04-25 ,2458598.847419,1,8,191.6305133795,38.0992554425,13,2,84434741,2,21.71,20.5565,1.4035,2.36283,30,1,0
199,742764, 2019-04-25 ,2458598.847419,1,47,189.1459570574,41.02524891427,0,2,84434741,2,21.47,20.5906,1.7464,2.27291,30,1,56
200,742765, 2019-04-25 ,2458598.847419,1,3,196.2865713353,37.163566363120005,3,2,84434741,2,21.42,20.4219,1.6819,2.29228,30,1,0
201,742766, 2019-04-25 ,2458598.847419,1,2,195.2031924511,37.199308604440006,4,2,84434741,2,21.58,20.5234,1.5275,2.27569,30,1,0
202,742767, 2019-04-25 ,2458598.847419,1,31,189.226170639,39.11058593645,5,2,84434741,2,21.6,20.6267,1.5682,2.19948,30,1,0
203,742768, 2019-04-25 ,2458598.847419,1,44,189.102730308,41.89085810629,4,2,84434741,2,21.49,20.6621,1.6629,2.2617700000000003,30,1,0
204,742769, 2019-04-25 ,2458598.847419,1,11,191.6358362738,37.23288551434,10,2,84434741,2,21.67,20.6036,1.4357,2.26456,30,1,0
205,742770, 2019-04-25 ,2458598.847419,1,40,191.5991861734,41.93068272387,8,2,84434741,2,21.62,20.5946,1.5505,2.27013,30,1,0
206,742771, 2019-04-25 ,2458598.847419,1,26,190.5089961368,39.13696697131,4,2,84434741,2,21.64,20.6535,1.5051,2.17349,30,1,0
207,742772, 2019-04-25 ,2458598.847419,1,46,188.0018426208,40.98764291059,0,2,84434741,2,21.32,20.4827,1.8513,2.30328,30,1,56
208,742773, 2019-04-25 ,2458598.847419,1,52,194.1472808804,43.82649956034,3,2,84434741,2,21.57,20.6171,1.5318,2.25618,30,1,0
209,742774, 2019-04-25 ,2458598.847419,1,24,191.6136434111,40.01586966835,9,2,84434741,2,21.59,20.575,1.5896,2.43393,30,1,0
210,742775, 2019-04-25 ,2458598.847419,1,21,192.903512739,40.01159386487,5,2,84434741,2,21.61,20.616,1.5488,2.29779,30,1,0
211,742776, 2019-04-25 ,2458598.847419,1,0,196.3382866343,38.02867759554,1,2,84434741,2,21.53,20.5065,1.5711,2.27013,30,1,0
212,742777, 2019-04-25 ,2458598.847419,1,51,196.6536161386,42.89428716537,7,2,84434741,2,21.54,20.7482,1.534,2.40522,30,1,0
213,742778, 2019-04-25 ,2458598.847419,1,28,189.1859151138,39.97623999527,7,2,84434741,2,21.53,20.555,1.7202,2.34405,30,1,0
214,742779, 2019-04-25 ,2458598.847419,1,30,188.1138265713,39.07453203838,0,2,84434741,2,21.45,20.4687,1.7083,2.22801,30,0,44
215,742780, 2019-04-25 ,2458598.847419,1,42,190.4618056593,41.05241079615,8,2,84434741,2,21.52,20.6143,1.7635,2.30053,30,1,0
216,742781, 2019-04-25 ,2458598.847419,1,10,190.5508242688,37.22369736836,0,2,84434741,2,21.62,20.5406,1.4181,2.15891,30,0,44
217,742782, 2019-04-25 ,2458598.847419,1,22,192.8949859339,39.145296250440005,12,2,84434741,2,21.67,20.573,1.4868,2.40522,30,1,0
218,742783, 2019-04-25 ,2458598.847419,1,6,192.8773258576,37.2321413039,5,2,84434741,2,21.66,20.5846,1.4557,2.31967,30,1,0
219,742784, 2019-04-25 ,2458598.847419,1,39,194.0604850156,41.05059738508,6,2,84434741,2,21.62,20.5931,1.5601,2.35211,30,1,0
220,742785, 2019-04-25 ,2458598.847419,1,59,191.5908004001,42.9772996095,8,2,84434741,2,21.59,20.4921,1.4261,2.38412,30,1,0
221,742786, 2019-04-25 ,2458598.847419,1,60,189.0065193887,43.80122395928,2,2,84434741,2,21.46,20.5601,1.6532,2.25898,30,1,0
222,742787, 2019-04-25 ,2458598.847419,1,4,193.9832278793,38.08689043797,0,2,84434741,2,20.59,18.5581,1.4465,2.12946,30,0,44
223,742788, 2019-04-25 ,2458598.847419,1,36,194.0848050656,41.91672653733,0,2,84434741,2,21.66,20.6278,1.5305,2.27291,30,0,44
224,742789, 2019-04-25 ,2458598.847419,1,37,192.9234274737,41.92923170161,2,2,84434741,2,21.62,20.5385,1.5331,2.24496,30,1,0
225,742790, 2019-04-25 ,2458598.847419,1,23,194.0090389966,39.13334951538,0,2,84434741,2,21.67,20.6008,1.4513,2.36283,30,0,44
226,742791, 2019-04-25 ,2458598.847419,1,25,190.4855112062,40.00308450834,3,2,84434741,2,21.6,20.5031,1.6293,2.35211,30,1,0
227,742792, 2019-04-25 ,2458598.847419,1,16,196.4566026328,39.93899079351,4,2,84434741,2,21.58,20.6568,1.5581,2.2365,30,1,0
228,742793, 2019-04-25 ,2458598.847419,1,7,193.9622817694,37.22067989024,21,2,84434741,2,20.9,18.8941,1.506,2.1056,30,1,0
229,742794, 2019-04-25 ,2458598.847419,1,33,195.420913426,41.88510115445,10,2,84434741,2,21.6,20.6266,1.4853,2.32782,30,1,0
230,742795, 2019-04-25 ,2458598.847419,1,61,187.8110066279,43.76227814815,2,2,84434741,2,21.31,20.3635,1.7369,2.30328,30,1,0
231,742796, 2019-04-25 ,2458598.847419,1,57,190.3811579933,43.82888853825,3,2,84434741,2,21.51,20.4982,1.5928,2.22801,30,1,0
232,742797, 2019-04-25 ,2458598.847419,1,20,194.031590551,39.99947004452,4,2,84434741,2,21.61,20.6606,1.5638,2.20808,30,1,0
233,742798, 2019-04-25 ,2458598.847419,1,29,188.059665255,39.93957531442,5,2,84434741,2,21.37,20.4767,1.9728,2.28676,30,1,0
234,742799, 2019-04-25 ,2458598.847419,1,9,190.5326323618,38.08986550335,0,2,84434741,2,21.62,20.5949,1.4391,2.22801,30,0,44
235,742800, 2019-04-25 ,2458598.847419,1,15,189.3049233563,37.19829072012,0,2,84434741,2,21.63,20.5699,1.4014,2.14129,30,0,44
236,742801, 2019-04-25 ,2458598.847419,1,19,196.4033301288,39.07376717411,3,2,84434741,2,21.62,20.7398,1.5435,2.41831,30,1,0
237,742802, 2019-04-25 ,2458598.847419,1,34,195.3794263692,41.0194771479,5,2,84434741,2,21.65,20.6039,1.5308,2.3548,30,1,0
238,742803, 2019-04-25 ,2458598.847419,1,58,190.4100404369,42.9627527475,2,2,84434741,2,21.54,20.587,1.5501,2.31422,30,1,0
239,742804, 2019-04-25 ,2458598.847419,1,56,191.5788676065,43.84368926334,0,2,84434741,2,21.55,20.5717,1.5571,2.24214,30,0,44
240,742805, 2019-04-25 ,2458598.847419,1,1,195.2421347502,38.06492517548,2,2,84434741,2,21.64,20.5479,1.4941,2.33053,30,1,0
241,742806, 2019-04-25 ,2458598.847419,1,18,195.2908427293,39.10919592315,7,2,84434741,2,21.67,20.6723,1.5409,2.38412,30,1,0
242,742807, 2019-04-25 ,2458598.847419,1,43,191.6077493172,41.0643936405,4,2,84434741,2,21.54,20.6271,1.6984,2.24496,30,1,0
243,742808, 2019-04-25 ,2458598.847419,1,63,189.0517869573,42.93557461673,3,2,84434741,2,21.47,20.5786,1.6230000000000002,2.27846,30,1,0
244,742809, 2019-04-25 ,2458598.847419,1,53,192.9496652404,43.84189048141,5,2,84434741,2,21.59,20.5062,1.4987,2.25338,30,1,0
245,742810, 2019-04-25 ,2458598.847419,1,54,192.9369499259,42.97554940298,3,2,84434741,2,21.66,20.4399,1.3965,2.34405,30,1,0
246,742811, 2019-04-25 ,2458598.847419,1,14,188.2213359162,37.165866421740006,0,2,84434741,2,21.45,20.3954,1.5083,2.17058,30,1,56
247,742812, 2019-04-25 ,2458598.847419,1,32,196.5801346234,41.84826355873,5,2,84434741,2,21.55,20.6462,1.6172,2.24777,30,1,0
248,742813, 2019-04-25 ,2458598.847419,1,17,195.3301296293,39.97495096408,0,2,84434741,2,21.6,20.626,1.5115,2.23932,30,0,44
249,742814, 2019-04-25 ,2458598.847419,1,27,191.62310894900003,39.14958049011,8,2,84434741,2,21.63,20.5482,1.4857,2.2365,30,1,0
250,742815, 2019-04-25 ,2458598.847419,1,55,194.1175904881,42.96040086032001,9,2,84434741,2,21.67,20.5934,1.3935,2.31967,30,1,0
251,742816, 2019-04-25 ,2458598.847419,1,45,187.943394111,41.852665420140006,1,2,84434741,2,21.35,20.4848,1.8196,2.3655,30,1,0
252,742817, 2019-04-25 ,2458598.847419,1,48,196.7164336489,43.75928035375,1,2,84434741,2,21.46,20.4239,1.6583,2.29779,30,1,0
253,742818, 2019-04-25 ,2458598.847419,1,38,192.9145182222,41.06289029996,0,2,84434741,2,21.56,20.5358,1.649,2.29504,30,0,44
254,742819, 2019-04-25 ,2458598.847419,1,49,195.5211434728,43.79895656033,4,2,84434741,2,21.58,20.4566,1.5659,2.27846,30,1,0
255,742820, 2019-04-25 ,2458598.847419,1,62,187.8730246059,42.89729036607,0,2,84434741,2,21.33,20.4568,1.6905,2.29504,30,1,56
256,742821, 2019-04-25 ,2458598.8478819,1,39,202.6766220607,41.05127854222,8,2,84434788,2,21.6,20.685,1.5819,2.2617700000000003,30,1,0
257,742822, 2019-04-25 ,2458598.8478819,1,49,204.1387116792,43.79923415121,1,2,84434788,2,21.55,20.4671,1.713,2.29504,30,1,0
258,742823, 2019-04-25 ,2458598.8478819,1,8,200.2451865266,38.10062014382,8,2,84434788,2,21.68,20.6161,1.5717,2.33053,30,1,0
259,742824, 2019-04-25 ,2458598.8478819,1,61,196.4285446539,43.76481861841,1,2,84434788,2,21.27,20.3241,1.9751,2.43652,30,1,0
260,742825, 2019-04-25 ,2458598.8478819,1,38,201.5306096979,41.06386261618,2,2,84434788,2,21.59,20.5504,1.6057,2.26456,30,1,0
261,742826, 2019-04-25 ,2458598.8478819,1,1,203.8567781295,38.06527746395,8,2,84434788,2,21.52,20.5761,1.6609,2.32511,30,1,0
262,742827, 2019-04-25 ,2458598.8478819,1,34,203.995483847,41.0197258687,5,2,84434788,2,21.58,20.7148,1.6184,2.27846,30,1,0
263,742828, 2019-04-25 ,2458598.8478819,1,37,201.5399764216,41.93025305362,1,2,84434788,2,21.6,20.6552,1.5441,2.20808,30,1,0
264,742829, 2019-04-25 ,2458598.8478819,1,26,199.1241167341,39.13867099766,0,2,84434788,2,21.61,20.6529,1.5825,2.25058,30,0,44
265,742830, 2019-04-25 ,2458598.8478819,1,47,197.7619545871,41.02736143108,0,2,84434788,2,21.55,20.6182,1.6434,2.2840000000000003,30,1,56
266,742831, 2019-04-25 ,2458598.8478819,1,56,200.1965255492,43.84512101973,2,2,84434788,2,21.51,20.5478,1.7607,2.31149,30,1,0
267,742832, 2019-04-25 ,2458598.8478819,1,51,205.2706344184,42.89423034692,15,2,84434788,2,21.51,20.73,1.6231,2.41046,30,1,0
268,742833, 2019-04-25 ,2458598.8478819,1,59,200.2079220459,42.97872972533,7,2,84434788,2,21.58,20.6597,1.6101,2.26456,30,1,0
269,742834, 2019-04-25 ,2458598.8478819,1,58,199.0270911129,42.96453773509,6,2,84434788,2,21.57,20.6009,1.6209,2.27569,30,1,0
270,742835, 2019-04-25 ,2458598.8478819,1,30,196.7288847832,39.0769235714,3,2,84434788,2,21.49,20.4901,1.6845,2.28676,30,1,0
271,742836, 2019-04-25 ,2458598.8478819,1,6,201.4915803247,37.233160501,9,2,84434788,2,21.63,20.556,1.6174,2.33324,30,1,0
272,742837, 2019-04-25 ,2458598.8478819,1,16,205.0721130669,39.93897334186,5,2,84434788,2,21.47,20.6175,1.6997,2.31695,30,1,0
273,742838, 2019-04-25 ,2458598.8478819,1,17,203.9456743417,39.97526398358,6,2,84434788,2,21.59,20.6971,1.6051,2.29779,30,1,0
274,742839, 2019-04-25 ,2458598.8478819,1,19,205.0184421834,39.07375027702,6,2,84434788,2,21.43,20.6491,1.7162,2.48782,30,1,0
275,742840, 2019-04-25 ,2458598.8478819,1,53,201.5673265843,43.8429248626,1,2,84434788,2,21.55,20.5267,1.7324,2.31695,30,1,0
276,742841, 2019-04-25 ,2458598.8478819,1,13,196.7885344482,38.033449416,2,2,84434788,2,21.47,20.4995,1.6537,2.27291,30,1,0
277,742842, 2019-04-25 ,2458598.8478819,1,54,201.5541032059,42.97659764844,4,2,84434788,2,21.64,20.5817,1.5629,2.2617700000000003,30,1,0
278,742843, 2019-04-25 ,2458598.8478819,1,63,197.6687780719,42.93780161992,6,2,84434788,2,21.5,20.7351,1.6631,2.39996,30,1,0
279,742844, 2019-04-25 ,2458598.8478819,1,32,205.1966338267,41.8482163106,2,2,84434788,2,21.51,20.6056,1.6351,2.26735,30,1,0
280,742845, 2019-04-25 ,2458598.8478819,1,15,197.9191300627,37.20026363646,0,2,84434788,2,21.58,20.7242,1.5819,2.35748,30,0,44
281,742846, 2019-04-25 ,2458598.8478819,1,14,196.8355218488,37.16821189297,1,2,84434788,2,21.41,20.4173,1.7286,2.29779,30,1,0
282,742847, 2019-04-25 ,2458598.8478819,1,48,205.3340288816,43.75919935413,4,2,84434788,2,21.45,20.4758,1.7389,2.35211,30,1,0
283,742848, 2019-04-25 ,2458598.8478819,1,60,197.6240289971,43.8034627294,0,2,84434788,2,21.44,20.4414,1.8682,2.36817,30,1,56
284,742849, 2019-04-25 ,2458598.8478819,1,45,196.559788922,41.8551520225,1,2,84434788,2,21.42,20.4667,1.7653,2.32782,30,1,0
285,742850, 2019-04-25 ,2458598.8478819,1,55,202.7347371794,42.9610936918,2,2,84434788,2,21.67,20.6074,1.4828,2.35748,30,1,0
286,742851, 2019-04-25 ,2458598.8478819,1,4,202.5979002317,38.08757022851,4,2,84434788,2,21.55,20.6419,1.6258,2.27291,30,1,0
287,742852, 2019-04-25 ,2458598.8478819,1,27,200.2382374988,39.15096150326,9,2,84434788,2,21.64,20.6896,1.5555,2.27013,30,1,0
288,742853, 2019-04-25 ,2458598.8478819,1,7,202.5765355081,37.22137387115,7,2,84434788,2,21.56,20.5425,1.6742,2.31695,30,1,0
289,742854, 2019-04-25 ,2458598.8478819,1,2,203.817437408,37.19965929834,4,2,84434788,2,21.45,20.4906,1.7567,2.36016,30,1,0
290,742855, 2019-04-25 ,2458598.8478819,1,21,201.5191516338,40.01262204331,7,2,84434788,2,21.6,20.5539,1.5849,2.40522,30,1,0
291,742856, 2019-04-25 ,2458598.8478819,1,42,199.0778419012,41.05414642822,2,2,84434788,2,21.56,20.6453,1.6386,2.27846,30,1,0
292,742857, 2019-04-25 ,2458598.8478819,1,25,199.1010424901,40.00481961229,3,2,84434788,2,21.58,20.6549,1.6261,2.27291,30,1,0
293,742858, 2019-04-25 ,2458598.8478819,1,3,204.9007991214,37.16358969987,4,2,84434788,2,21.3,20.3527,1.8855,2.42613,30,1,0
294,742859, 2019-04-25 ,2458598.8478819,1,18,203.9059580754,39.10952946226,6,2,84434788,2,21.56,20.6658,1.6857,2.32511,30,1,0
295,742860, 2019-04-25 ,2458598.8478819,1,44,197.7192225704,41.8929864958,2,2,84434788,2,21.57,20.6334,1.6311,2.26456,30,1,0
296,742861, 2019-04-25 ,2458598.8478819,1,22,201.51019980490003,39.14627083856,6,2,84434788,2,21.66,20.5971,1.5614,2.35748,30,1,0
297,742862, 2019-04-25 ,2458598.8478819,1,11,200.250096429,37.23424887436,2,2,84434788,2,21.63,20.635,1.6002,2.27569,30,1,0
298,742863, 2019-04-25 ,2458598.8478819,1,29,196.6751645775,39.94200784187,0,2,84434788,2,21.43,20.5616,1.7142,2.30602,30,1,56
299,742864, 2019-04-25 ,2458598.8478819,1,35,205.1395012638,40.9830587586,4,2,84434788,2,21.52,20.6021,1.6838,2.33324,30,1,0
300,742865, 2019-04-25 ,2458598.8478819,1,0,204.95283524400003,38.02869924956,5,2,84434788,2,21.4,20.4606,1.7458,2.35748,30,1,0
301,742866, 2019-04-25 ,2458598.8478819,1,43,200.223884088,41.06578833241,1,2,84434788,2,21.6,20.6869,1.6322,2.25338,30,1,0
302,742867, 2019-04-25 ,2458598.8478819,1,20,202.6471525807,40.00016048238,5,2,84434788,2,21.59,20.633000000000003,1.5930000000000002,2.30328,30,1,0
303,742868, 2019-04-25 ,2458598.8478819,1,31,197.84125123650003,39.11265126888,5,2,84434788,2,21.52,20.5662,1.6263,2.26735,30,1,0
304,742869, 2019-04-25 ,2458598.8478819,1,46,196.617875124,40.99010976851,0,2,84434788,2,21.45,20.4848,1.7238,2.29504,30,1,56
305,742870, 2019-04-25 ,2458598.8478819,1,5,201.5000435065,38.09948150456,1,2,84434788,2,21.61,20.5637,1.5441,2.31967,30,1,0
306,742871, 2019-04-25 ,2458598.8478819,1,41,199.0543921306,41.92025236383,2,2,84434788,2,21.54,20.6671,1.6809,2.28123,30,1,0
307,742872, 2019-04-25 ,2458598.8478819,1,40,200.2157116819,41.93208303578,4,2,84434788,2,21.63,20.6687,1.5803,2.2365,30,1,0
308,742873, 2019-04-25 ,2458598.8478819,1,57,198.9987780786,43.83066610486,3,2,84434788,2,21.43,20.6296,1.8202,2.33865,30,1,0
309,742874, 2019-04-25 ,2458598.8478819,1,23,202.6241651828,39.13404814814,5,2,84434788,2,21.6,20.6408,1.5994,2.31967,30,1,0
310,742875, 2019-04-25 ,2458598.8478819,1,52,202.7649326263,43.82711994576,2,2,84434788,2,21.56,20.5934,1.6761,2.28123,30,1,0
311,742876, 2019-04-25 ,2458598.8478819,1,9,199.1472664899,38.09149875543,2,2,84434788,2,21.65,20.5367,1.5775,2.27569,30,1,0
312,742877, 2019-04-25 ,2458598.8478819,1,33,204.037401395,41.88545015452,0,2,84434788,2,21.58,20.6474,1.5979,2.27013,30,0,44
313,742878, 2019-04-25 ,2458598.8478819,1,62,196.4900577994,42.89979564789,3,2,84434788,2,21.37,20.4277,1.7722,2.32782,30,1,0
314,742879, 2019-04-25 ,2458598.8478819,1,50,204.0921050595,42.93361954226,5,2,84434788,2,21.65,20.64,1.5693,2.27846,30,1,0
315,742880, 2019-04-25 ,2458598.8478819,1,28,197.8014251277,39.97833531605,3,2,84434788,2,21.57,20.6314,1.6253,2.2840000000000003,30,1,0
316,742881, 2019-04-25 ,2458598.8478819,1,12,197.8849084742,38.06603344682,7,2,84434788,2,21.63,20.5508,1.5415,2.25898,30,1,0
317,742882, 2019-04-25 ,2458598.8478819,1,10,199.1650692755,37.22530981316,4,2,84434788,2,21.62,20.5771,1.5698,2.23367,30,1,0
318,742883, 2019-04-25 ,2458598.8478819,1,36,202.7013160278,41.91741872912,3,2,84434788,2,21.62,20.6729,1.4753,2.23932,30,1,0
319,742884, 2019-04-25 ,2458598.8478819,1,24,200.2291931199,40.01725864643,5,2,84434788,2,21.58,20.5183,1.6318,2.39469,30,1,0
320,742885, 2019-04-25 ,2458598.8483449,1,48,213.9528736195,43.75875586377,4,2,84434834,2,21.46,20.5694,1.595,2.26735,30,1,0
321,742886, 2019-04-25 ,2458598.8483449,1,19,213.6352648423,39.0733787397,5,2,84434834,2,21.55,20.7557,1.7535,2.44945,30,1,0
322,742887, 2019-04-25 ,2458598.8483449,1,31,206.45808385830003,39.11399202838,5,2,84434834,2,21.65,20.7218,1.4532,2.21379,30,1,0
323,742888, 2019-04-25 ,2458598.8483449,1,33,212.6554364144,41.88526375411,9,2,84434834,2,21.63,20.6855,1.5252,2.25618,30,1,0
324,742889, 2019-04-25 ,2458598.8483449,1,10,207.7812118828,37.22630190721,3,2,84434834,2,21.71,20.5876,1.4235,2.20522,30,1,0
325,742890, 2019-04-25 ,2458598.8483449,1,15,206.5352624193,37.20151277864,4,2,84434834,2,21.72,20.7288,1.3905,2.13833,30,1,0
326,742891, 2019-04-25 ,2458598.8483449,1,5,210.1165770941,38.09987801308,4,2,84434834,2,21.69,20.5838,1.4823,2.28953,30,1,0
327,742892, 2019-04-25 ,2458598.8483449,1,7,211.192771607,37.22153874714,9,2,84434834,2,21.68,20.5877,1.5841,2.30602,30,1,0
328,742893, 2019-04-25 ,2458598.8483449,1,9,207.7637888097,38.09250760746,0,2,84434834,2,21.71,20.6197,1.4258,2.35748,30,0,44
329,742894, 2019-04-25 ,2458598.8483449,1,18,212.5228839829,39.10937429691,5,2,84434834,2,21.63,20.6664,1.6306,2.42873,30,1,0
330,742895, 2019-04-25 ,2458598.8483449,1,2,212.4335785149,37.1995162475,6,2,84434834,2,21.53,20.5779,1.6112,2.29504,30,1,0
331,742896, 2019-04-25 ,2458598.8483449,1,54,210.1726401034,42.97705117765,14,2,84434834,2,21.71,20.6157,1.3745,2.29779,30,1,0
332,742897, 2019-04-25 ,2458598.8483449,1,61,205.04742984900005,43.7664773978,1,2,84434834,2,21.39,20.383,1.8017,2.35211,30,1,0
333,742898, 2019-04-25 ,2458598.8483449,1,0,213.569329565,38.0282583634,3,2,84434834,2,21.48,20.5035,1.7421,2.31967,30,1,0
334,742899, 2019-04-25 ,2458598.8483449,1,52,211.3838446109,43.82732892701,2,2,84434834,2,21.62,20.6307,1.4913,2.24777,30,1,0
335,742900, 2019-04-25 ,2458598.8483449,1,50,212.710619532,42.93343288112,4,2,84434834,2,21.67,20.6918,1.5343,2.25898,30,1,0
336,742901, 2019-04-25 ,2458598.8483449,1,28,206.418664165,39.97962202649,2,2,84434834,2,21.63,20.6703,1.6397,2.34674,30,1,0
337,742902, 2019-04-25 ,2458598.8483449,1,55,211.3532595893,42.96124209337,8,2,84434834,2,21.69,20.6777,1.4069,2.27291,30,1,0
338,742903, 2019-04-25 ,2458598.8483449,1,24,208.8464590116,40.0179783235,9,2,84434834,2,21.63,20.5934,1.5502,2.49796,30,1,0
339,742904, 2019-04-25 ,2458598.8483449,1,57,207.6177606346,43.83172413255,5,2,84434834,2,21.61,20.6139,1.5753,2.25338,30,1,0
340,742905, 2019-04-25 ,2458598.8483449,1,4,211.2143565533,38.08772911443,7,2,84434834,2,21.68,20.66,1.4979,2.2840000000000003,30,1,0
341,742906, 2019-04-25 ,2458598.8483449,1,3,213.5169261697,37.16315815717,3,2,84434834,2,21.32,20.3894,1.8254,2.38676,30,1,0
342,742907, 2019-04-25 ,2458598.8483449,1,51,213.8890947081,42.89380599177,10,2,84434834,2,21.54,20.7362,1.5687,2.39205,30,1,0
343,742908, 2019-04-25 ,2458598.8483449,1,36,211.3194396954,41.91756074269,2,2,84434834,2,21.66,20.7114,1.4639,2.2365,30,1,0
344,742909, 2019-04-25 ,2458598.8483449,1,25,207.7182934743,40.0057712073,6,2,84434834,2,21.62,20.6907,1.6023,2.31149,30,1,0
345,742910, 2019-04-25 ,2458598.8483449,1,39,211.2942503371,41.05144424894,9,2,84434834,2,21.67,20.6614,1.6508,2.35211,30,1,0
346,742911, 2019-04-25 ,2458598.8483449,1,37,210.1580926798,41.93064567138,0,2,84434834,2,21.65,20.6669,1.4282,2.26456,30,0,44
347,742912, 2019-04-25 ,2458598.8483449,1,53,210.1862411132,43.84333056783,3,2,84434834,2,21.68,20.6389,1.4643,2.20235,30,1,0
348,742913, 2019-04-25 ,2458598.8483449,1,49,212.7576586435,43.79904755565,3,2,84434834,2,21.6,20.5464,1.5337,2.22518,30,1,0
349,742914, 2019-04-25 ,2458598.8483449,1,26,207.7410398435,39.1396218102,6,2,84434834,2,21.65,20.7242,1.4947,2.2365,30,1,0
350,742915, 2019-04-25 ,2458598.8483449,1,46,205.235528997,40.99171463255,3,2,84434834,2,21.49,20.5178,1.79,2.28676,30,1,0
351,742916, 2019-04-25 ,2458598.8483449,1,22,210.1270833179,39.14672876094,7,2,84434834,2,21.69,20.4989,1.4832,2.38941,30,1,0
352,742917, 2019-04-25 ,2458598.8483449,1,63,206.28733618400005,42.93913070166,4,2,84434834,2,21.56,20.6209,1.6395,2.34943,30,1,0
353,742918, 2019-04-25 ,2458598.8483449,1,12,206.5013225938,38.06730037527,0,2,84434834,2,21.68,20.7316,1.3974,2.10859,30,0,44
354,742919, 2019-04-25 ,2458598.8483449,1,13,205.4049841332,38.03500722441,2,2,84434834,2,21.57,20.5562,1.5023,2.14423,30,1,0
355,742920, 2019-04-25 ,2458598.8483449,1,35,213.7571728485,40.982647408990005,1,2,84434834,2,21.51,20.6345,1.8467,2.32511,30,1,0
356,742921, 2019-04-25 ,2458598.8483449,1,47,206.3796319885,41.02867991719,2,2,84434834,2,21.56,20.6951,1.668,2.25338,30,1,0
357,742922, 2019-04-25 ,2458598.8483449,1,27,208.8551832571,39.15167782555,8,2,84434834,2,21.66,20.6644,1.4927,2.24777,30,1,0
358,742923, 2019-04-25 ,2458598.8483449,1,11,208.8662519554,37.23495480813,12,2,84434834,2,21.75,20.6607,1.4352,2.21949,30,1,0
359,742924, 2019-04-25 ,2458598.8483449,1,8,208.861710489,38.10133369277,0,2,84434834,2,21.75,20.5977,1.4253,2.45202,30,0,44
360,742925, 2019-04-25 ,2458598.8483449,1,56,208.8154301529,43.84586120985,1,2,84434834,2,21.61,20.6132,1.4967,2.21949,30,1,0
361,742926, 2019-04-25 ,2458598.8483449,1,23,211.2411012161,39.13420827223,6,2,84434834,2,21.66,20.6643,1.5249,2.34674,30,1,0
362,742927, 2019-04-25 ,2458598.8483449,1,32,213.8146823363,41.84781067831,1,2,84434834,2,21.53,20.6017,1.7645,2.29779,30,1,0
363,742928, 2019-04-25 ,2458598.8483449,1,41,207.6724067192,41.92129602484,3,2,84434834,2,21.65,20.6889,1.5979,2.25618,30,1,0
364,742929, 2019-04-25 ,2458598.8483449,1,60,206.24296735240003,43.804804069750006,6,2,84434834,2,21.52,20.6007,1.6691,2.27569,30,1,0
365,742930, 2019-04-25 ,2458598.8483449,1,21,210.1364181311,40.01301818942,5,2,84434834,2,21.64,20.5964,1.5664,2.3708400000000003,30,1,0
366,742931, 2019-04-25 ,2458598.8483449,1,38,210.1483876325,41.06432819542,6,2,84434834,2,21.62,20.598000000000003,1.7282,2.49796,30,1,0
367,742932, 2019-04-25 ,2458598.8483449,1,6,210.1078090647,37.23355854722,8,2,84434834,2,21.71,20.5884,1.4851,2.3548,30,1,0
368,742933, 2019-04-25 ,2458598.8483449,1,16,213.6893525689,39.93856573078,2,2,84434834,2,21.55,20.6183,1.755,2.32511,30,1,0
369,742934, 2019-04-25 ,2458598.8483449,1,14,205.4516799425,37.1696919106,1,2,84434834,2,21.53,20.4302,1.6452,2.20522,30,1,0
370,742935, 2019-04-25 ,2458598.8483449,1,45,205.17779881080003,41.85682909947,2,2,84434834,2,21.47,20.5096,1.758,2.30328,30,1,0
371,742936, 2019-04-25 ,2458598.8483449,1,59,208.826508717,42.97946039408,6,2,84434834,2,21.62,20.5558,1.4222,2.31695,30,1,0
372,742937, 2019-04-25 ,2458598.8483449,1,44,206.337277349,41.89436990448,4,2,84434834,2,21.61,20.6862,1.6753,2.26735,30,1,0
373,742938, 2019-04-25 ,2458598.8483449,1,30,205.3457112782,39.07851641999,2,2,84434834,2,21.53,20.5904,1.5653,2.22801,30,1,0
374,742939, 2019-04-25 ,2458598.8483449,1,17,212.5629227432,39.9751016396,2,2,84434834,2,21.61,20.6781,1.6385,2.27569,30,1,0
375,742940, 2019-04-25 ,2458598.8483449,1,43,208.8415368808,41.06652626763,7,2,84434834,2,21.65,20.6525,1.6169,2.30328,30,1,0
376,742941, 2019-04-25 ,2458598.8483449,1,62,205.108508358,42.90145454075,3,2,84434834,2,21.43,20.4604,1.7276,2.3655,30,1,0
377,742942, 2019-04-25 ,2458598.8483449,1,20,211.264397303,40.00032201425,4,2,84434834,2,21.61,20.6356,1.6082,2.27013,30,1,0
378,742943, 2019-04-25 ,2458598.8483449,1,34,212.6131721038,41.01962087945,10,2,84434834,2,21.64,20.6423,1.6367,2.36817,30,1,0
379,742944, 2019-04-25 ,2458598.8483449,1,42,207.6955428379,41.05519216729,14,2,84434834,2,21.65,20.6535,1.625,2.32782,30,1,0
380,742945, 2019-04-25 ,2458598.8483449,1,1,212.4732140307,38.065126937440006,4,2,84434834,2,21.63,20.5917,1.5673,2.33053,30,1,0
381,742946, 2019-04-25 ,2458598.8483449,1,29,205.2923466049,39.9435987234,1,2,84434834,2,21.52,20.5833,1.6949,2.26735,30,1,0
382,742947, 2019-04-25 ,2458598.8483449,1,58,207.6456822068,42.96558096135,12,2,84434834,2,21.62,20.6449,1.5661,2.30328,30,1,0
383,742948, 2019-04-25 ,2458598.8483449,1,40,208.8338264647,41.93287684345,3,2,84434834,2,21.66,20.6517,1.5409,2.23085,30,1,0
384,742949, 2019-04-25 ,2458598.8487963,1,8,204.0312492973,45.300292799020006,3,2,84434879,2,21.7,20.5574,1.4680000000000002,2.41308,30,1,0
385,742950, 2019-04-25 ,2458598.8487963,1,33,208.3320887538,49.07212139688,4,2,84434879,2,21.57,20.6011,1.7928,2.36283,30,1,0
386,742951, 2019-04-25 ,2458598.8487963,1,43,203.999841249,48.26551251204,10,2,84434879,2,21.6,20.5879,1.6476,2.32782,30,1,0
387,742952, 2019-04-25 ,2458598.8487963,1,40,203.9882049994,49.13180889171,5,2,84434879,2,21.63,20.5266,1.5206,2.23932,30,1,0
388,742953, 2019-04-25 ,2458598.8487963,1,1,208.0709026869,45.25356920499001,5,2,84434879,2,21.5,20.546,1.7853,2.42353,30,1,0
389,742954, 2019-04-25 ,2458598.8487963,1,54,205.5141491347,50.17589238893,10,2,84434879,2,21.63,20.5828,1.4828,2.32511,30,1,0
390,742955, 2019-04-25 ,2458598.8487963,1,63,201.0764885973,50.12594953925,5,2,84434879,2,21.51,20.6031,1.6799,2.30875,30,1,0
391,742956, 2019-04-25 ,2458598.8487963,1,34,208.270554661,48.20686099472,6,2,84434879,2,21.58,20.5744,1.9078,2.47254,30,1,0
392,742957, 2019-04-25 ,2458598.8487963,1,10,202.828936595,44.42221512403,0,2,84434879,2,21.69,20.5778,1.4583,2.23932,30,0,44
393,742958, 2019-04-25 ,2458598.8487963,1,52,206.9065651833,51.02221201295,5,2,84434879,2,21.58,20.6108,1.5248,2.2365,30,1,0
394,742959, 2019-04-25 ,2458598.8487963,1,27,204.0208990264,46.350623354190006,3,2,84434879,2,21.63,20.5845,1.5883,2.27291,30,1,0
395,742960, 2019-04-25 ,2458598.8487963,1,56,203.9605277862,51.04482665642,3,2,84434879,2,21.53,20.6685,1.7032,2.36817,30,1,0
396,742961, 2019-04-25 ,2458598.8487963,1,24,204.0085420432,47.21690759471,8,2,84434879,2,21.63,20.5619,1.6228,2.43911,30,1,0
397,742962, 2019-04-25 ,2458598.8487963,1,25,202.7366582444,47.20143534686,7,2,84434879,2,21.46,20.6972,1.618,2.36817,30,1,0
398,742963, 2019-04-25 ,2458598.8487963,1,59,203.9762996021,50.17844514803,7,2,84434879,2,21.62,20.5249,1.4941,2.33865,30,1,0
399,742964, 2019-04-25 ,2458598.8487963,1,46,199.9179392994,48.1688861393,0,2,84434879,2,21.51,20.5197,1.7005,2.24214,30,1,56
400,742965, 2019-04-25 ,2458598.8487963,1,30,200.0801716515,46.256963015050005,2,2,84434879,2,21.6,20.5384,1.5433,2.2109400000000003,30,1,0
401,742966, 2019-04-25 ,2458598.8487963,1,18,208.1406552733,46.29738966283,9,2,84434879,2,21.49,20.586,1.8947,2.47765,30,1,0
402,742967, 2019-04-25 ,2458598.8487963,1,58,202.6274564172,50.16091090137,10,2,84434879,2,21.57,20.5417,1.5836,2.33865,30,1,0
403,742968, 2019-04-25 ,2458598.8487963,1,35,209.5645891141,48.1593932867,3,2,84434879,2,21.48,20.5143,2.0159,2.4417,30,1,0
404,742969, 2019-04-25 ,2458598.8487963,1,7,206.6325329822,44.41738078761,4,2,84434879,2,21.57,20.4991,1.7104,2.4417,30,1,0
405,742970, 2019-04-25 ,2458598.8487963,1,60,201.0107008924,50.991210544,2,2,84434879,2,21.35,20.4494,1.9316,2.45202,30,1,0
406,742971, 2019-04-25 ,2458598.8487963,1,2,208.0154732513,44.3882771058,3,2,84434879,2,21.39,20.5073,1.8064,2.39469,30,1,0
407,742972, 2019-04-25 ,2458598.8487963,1,14,200.2330851691,44.34936242203,1,2,84434879,2,21.52,20.4364,1.547,2.17349,30,1,0
408,742973, 2019-04-25 ,2458598.8487963,1,42,202.7019641397,48.25068712657001,8,2,84434879,2,21.61,20.7217,1.6284,2.33324,30,1,0
409,742974, 2019-04-25 ,2458598.8487963,1,39,206.7776046187,48.24677289207,14,2,84434879,2,21.54,20.6,1.7717,2.33595,30,1,0
410,742975, 2019-04-25 ,2458598.8487963,1,13,200.1657405774,45.21419427287,2,2,84434879,2,21.51,20.5525,1.5249,2.18508,30,1,0
411,742976, 2019-04-25 ,2458598.8487963,1,57,202.5867761221,51.02690688841,7,2,84434879,2,21.45,20.5312,1.7872,2.3548,30,1,0
412,742977, 2019-04-25 ,2458598.8487963,1,20,206.7347237824,47.19579997665,4,2,84434879,2,21.56,20.6006,1.7224,2.3655,30,1,0
413,742978, 2019-04-25 ,2458598.8487963,1,44,201.1506943342,49.08156406433,3,2,84434879,2,21.57,20.6681,1.6545,2.30053,30,1,0
414,742979, 2019-04-25 ,2458598.8487963,1,37,205.4938397369,49.12956758661,6,2,84434879,2,21.6,20.5298,1.5957,2.31422,30,1,0
415,742980, 2019-04-25 ,2458598.8487963,1,11,204.0386305525,44.43392195247,8,2,84434879,2,21.69,20.5847,1.4448,2.25618,30,1,0
416,742981, 2019-04-25 ,2458598.8487963,1,38,205.4798864243,48.26319999853,0,2,84434879,2,21.61,20.502,1.7023,2.3708400000000003,30,0,44
417,742982, 2019-04-25 ,2458598.8487963,1,16,209.4666966722,47.11611816166,7,2,84434879,2,21.45,20.5077,1.8915,2.44687,30,1,0
418,742983, 2019-04-25 ,2458598.8487963,1,6,205.4229603564,44.432500793900005,1,2,84434879,2,21.64,20.4646,1.5568,2.35748,30,1,0
419,742984, 2019-04-25 ,2458598.8487963,1,55,206.8627506158,50.15627958537,12,2,84434879,2,21.65,20.68,1.4438,2.26456,30,1,0
420,742985, 2019-04-25 ,2458598.8487963,1,32,209.648436992,49.02383653613,5,2,84434879,2,21.48,20.536,1.619,2.26456,30,1,0
421,742986, 2019-04-25 ,2458598.8487963,1,47,201.2123223332,48.21628621408,4,2,84434879,2,21.58,20.647,1.6292,2.27569,30,1,0
422,742987, 2019-04-25 ,2458598.8487963,1,22,205.4499221235,46.34562926247,7,2,84434879,2,21.64,20.5024,1.6732,2.38941,30,1,0
423,742988, 2019-04-25 ,2458598.8487963,1,17,208.1980443254,47.16283946939,1,2,84434879,2,21.52,20.5546,1.8718,2.4751,30,1,0
424,742989, 2019-04-25 ,2458598.8487963,1,12,201.3912210207,45.25588026087,5,2,84434879,2,21.71,20.6194,1.4207,2.26456,30,1,0
425,742990, 2019-04-25 ,2458598.8487963,1,15,201.440273651,44.39044054287,0,2,84434879,2,21.68,20.6018,1.4142,2.21949,30,0,44
426,742991, 2019-04-25 ,2458598.8487963,1,19,209.3891272526,46.25157630788,5,2,84434879,2,21.37,20.5559,1.8779,2.58249,30,1,0
427,742992, 2019-04-25 ,2458598.8487963,1,48,209.8506301541,50.93309370583,5,2,84434879,2,21.46,20.4962,1.6306,2.32511,30,1,0
428,742993, 2019-04-25 ,2458598.8487963,1,26,202.7693887878,46.33540197351,3,2,84434879,2,21.67,20.6991,1.5505,2.24496,30,1,0
429,742994, 2019-04-25 ,2458598.8487963,1,36,206.8140262157,49.1128341754,7,2,84434879,2,21.41,20.1957,1.5004,2.31422,30,1,0
430,742995, 2019-04-25 ,2458598.8487963,1,62,199.7316308603,50.077154984870006,2,2,84434879,2,21.36,20.4738,1.8128,2.42613,30,1,0
431,742996, 2019-04-25 ,2458598.8487963,1,9,202.8030360219,45.2883289182,5,2,84434879,2,21.66,20.535,1.4522,2.26735,30,1,0
432,742997, 2019-04-25 ,2458598.8487963,1,21,205.4629911078,47.21190069318,3,2,84434879,2,21.58,20.5826,1.6397,2.3708400000000003,30,1,0
433,742998, 2019-04-25 ,2458598.8487963,1,5,205.4351304823,45.29880610544001,6,2,84434879,2,21.66,20.5921,1.5892,2.41831,30,1,0
434,742999, 2019-04-25 ,2458598.8487963,1,61,199.6411101171,50.94140843133,3,2,84434879,2,21.17,20.2378,2.0798,2.56285,30,1,0
435,743000, 2019-04-25 ,2458598.8487963,1,50,208.412390424,50.11981178183,5,2,84434879,2,21.65,20.6269,1.4874,2.30053,30,1,0
436,743001, 2019-04-25 ,2458598.8487963,1,28,201.2720513113,47.167515899090006,4,2,84434879,2,21.63,20.6713,1.6097,2.31149,30,1,0
437,743002, 2019-04-25 ,2458598.8487963,1,4,206.6631320741,45.28346749709001,6,2,84434879,2,21.56,20.5981,1.7193,2.33595,30,1,0
438,743003, 2019-04-25 ,2458598.8487963,1,49,208.4814848299,50.984994358520005,4,2,84434879,2,21.6,20.4968,1.5362,2.25338,30,1,0
439,743004, 2019-04-25 ,2458598.8487963,1,0,209.2959273098,45.20727228409,3,2,84434879,2,21.21,20.5848,1.8308,2.41046,30,1,0
440,743005, 2019-04-25 ,2458598.8487963,1,41,202.6679335886,49.11675688518,5,2,84434879,2,21.6,20.6458,1.6572,2.28123,30,1,0
441,743006, 2019-04-25 ,2458598.8487963,1,31,201.3286595393,46.30221342361,3,2,84434879,2,21.62,20.683000000000003,1.4911,2.19948,30,1,0
442,743007, 2019-04-25 ,2458598.8487963,1,45,199.8340415364,49.03331620937,1,2,84434879,2,21.45,20.4888,1.7747,2.32782,30,1,0
443,743008, 2019-04-25 ,2458598.8487963,1,23,206.7012637403,46.32979698073,4,2,84434879,2,21.6,20.5406,1.8004,2.44945,30,1,0
444,743009, 2019-04-25 ,2458598.8487963,1,51,209.7569004318,50.06893637683,16,2,84434879,2,21.5,20.6885,1.6031,2.43652,30,1,0
445,743010, 2019-04-25 ,2458598.8487963,1,29,200.0034342308,47.12144417698,3,2,84434879,2,21.53,20.5481,1.6617,2.24496,30,1,0
446,743011, 2019-04-25 ,2458598.8492593,1,0,207.6806569371,52.37922328755,5,2,84434925,2,21.47,20.5075,1.6036,2.30328,30,1,0
447,743012, 2019-04-25 ,2458598.8492593,1,10,200.2217863749,51.61679046323,0,2,84434925,2,21.67,20.4842,1.3883,2.22518,30,0,44
448,743013, 2019-04-25 ,2458598.8492593,1,13,197.1388175379,52.3874328774,0,2,84434925,2,21.55,20.4662,1.479,2.1821900000000003,30,1,56
449,743014, 2019-04-25 ,2458598.8492593,1,38,203.2902444378,55.4613754795,5,2,84434925,2,21.68,20.5545,1.4511,2.30328,30,1,0
450,743015, 2019-04-25 ,2458598.8492593,1,35,208.0813790025,55.32782334981,4,2,84434925,2,21.65,20.594,1.4874,2.29779,30,1,0
451,743016, 2019-04-25 ,2458598.8492593,1,57,199.850856183,58.22017098949,1,2,84434925,2,21.49,20.4206,1.6446,2.31422,30,1,0
452,743017, 2019-04-25 ,2458598.8492593,1,28,198.3746803012,54.35168323103,2,2,84434925,2,21.64,20.5826,1.5693,2.31149,30,1,0
453,743018, 2019-04-25 ,2458598.8492593,1,26,200.1316706552,53.52966428353,10,2,84434925,2,21.71,20.6477,1.3852,2.22518,30,1,0
454,743019, 2019-04-25 ,2458598.8492593,1,16,207.9337464318,54.2858532357,7,2,84434925,2,21.64,20.6001,1.5133,2.20808,30,1,0
455,743020, 2019-04-25 ,2458598.8492593,1,62,196.478608989,57.24433108644,5,2,84434925,2,21.35,20.3991,1.7949,2.34943,30,1,0
456,743021, 2019-04-25 ,2458598.8492593,1,17,206.4557379649,54.34595578059,6,2,84434925,2,21.65,20.6049,1.4333,2.24214,30,1,0
457,743022, 2019-04-25 ,2458598.8492593,1,32,208.2092174271,56.19101896703,8,2,84434925,2,21.63,20.6067,1.5224,2.27846,30,1,0
458,743023, 2019-04-25 ,2458598.8492593,1,14,197.2386419362,51.52352281377,2,2,84434925,2,21.54,20.3791,1.5132,2.17929,30,1,0
459,743024, 2019-04-25 ,2458598.8492593,1,63,198.0725991534,57.30801305975,0,2,84434925,2,21.5,20.5678,1.8266,2.29779,30,1,56
460,743025, 2019-04-25 ,2458598.8492593,1,3,207.5729622001,51.51564612433,2,2,84434925,2,21.44,20.372,1.7469,2.35211,30,1,0
461,743026, 2019-04-25 ,2458598.8492593,1,46,196.76415249310003,55.33875562809,2,2,84434925,2,21.46,20.4339,1.8328,2.27846,30,1,0
462,743027, 2019-04-25 ,2458598.8492593,1,49,206.8893531118,58.1652170903,1,2,84434925,2,21.55,20.4526,1.55,2.31149,30,1,0
463,743028, 2019-04-25 ,2458598.8492593,1,31,198.4591200141,53.48687331373,6,2,84434925,2,21.63,20.6957,1.4656,2.20522,30,1,0
464,743029, 2019-04-25 ,2458598.8492593,1,37,203.3115362584,56.32766528549,7,2,84434925,2,21.67,20.5226,1.4642,2.23367,30,1,0
465,743030, 2019-04-25 ,2458598.8492593,1,41,199.9766696716,56.31043957202,11,2,84434925,2,21.62,20.6024,1.6083,2.29504,30,1,0
466,743031, 2019-04-25 ,2458598.8492593,1,55,204.9432933204,57.34910834025,3,2,84434925,2,21.69,20.5665,1.3792,2.27569,30,1,0
467,743032, 2019-04-25 ,2458598.8492593,1,18,206.3700214543,53.48112472698,4,2,84434925,2,21.68,20.5218,1.4772,2.26456,30,1,0
468,743033, 2019-04-25 ,2458598.8492593,1,47,198.2810558723,55.39978405856,2,2,84434925,2,21.56,20.5357,1.6519,2.21949,30,1,0
469,743034, 2019-04-25 ,2458598.8492593,1,60,197.9700703482,58.172630695790005,1,2,84434925,2,21.43,20.4743,1.7207,2.35211,30,1,0
470,743035, 2019-04-25 ,2458598.8492593,1,42,200.0287751091,55.44457374326,3,2,84434925,2,21.61,20.5795,1.5754,2.25618,30,1,0
471,743036, 2019-04-25 ,2458598.8492593,1,45,196.6369067353,56.20199948469,5,2,84434925,2,21.42,20.4537,1.7274,2.33595,30,1,0
472,743037, 2019-04-25 ,2458598.8492593,1,19,207.8177558524,53.42235459633,3,2,84434925,2,21.58,20.611,1.5446,2.26456,30,1,0
473,743038, 2019-04-25 ,2458598.8492593,1,5,203.2235827146,52.4969767043,4,2,84434925,2,21.73,20.4834,1.3928,2.33053,30,1,0
474,743039, 2019-04-25 ,2458598.8492593,1,51,208.3754979964,57.23457251693001,19,2,84434925,2,21.58,20.6302,1.4741,2.44429,30,1,0
475,743040, 2019-04-25 ,2458598.8492593,1,21,203.26504479,54.41004944159,5,2,84434925,2,21.62,20.4882,1.47,2.28676,30,1,0
476,743041, 2019-04-25 ,2458598.8492593,1,12,198.5524871738,52.44119629701,0,2,84434925,2,21.72,20.6175,1.34,2.21665,30,0,44
477,743042, 2019-04-25 ,2458598.8492593,1,59,201.5150181729,57.37676773364,10,2,84434925,2,21.62,20.585,1.4035,2.19661,30,1,0
478,743043, 2019-04-25 ,2458598.8492593,1,58,199.9131672171,57.35435621167,16,2,84434925,2,21.56,20.4723,1.5656,2.41046,30,1,0
479,743044, 2019-04-25 ,2458598.8492593,1,11,201.6133183744,51.63231230997,4,2,84434925,2,21.74,20.5436,1.3959,2.25618,30,1,0
480,743045, 2019-04-25 ,2458598.8492593,1,33,206.6590623583,56.25391973655,0,2,84434925,2,21.69,20.5524,1.4352,2.22801,30,0,44
481,743046, 2019-04-25 ,2458598.8492593,1,36,204.8692925577,56.30589604248,3,2,84434925,2,21.67,20.671,1.4202,2.19373,30,1,0
482,743047, 2019-04-25 ,2458598.8492593,1,53,203.3698690809,58.24023483151999,8,2,84434925,2,21.57,20.5083,1.5117,2.32239,30,1,0
483,743048, 2019-04-25 ,2458598.8492593,1,43,201.5523517718,55.46386736375,7,2,84434925,2,21.66,20.6108,1.5587,2.30602,30,1,0
484,743049, 2019-04-25 ,2458598.8492593,1,2,206.1870132026,51.5731299903,4,2,84434925,2,21.6,20.5057,1.5644,2.28953,30,1,0
485,743050, 2019-04-25 ,2458598.8492593,1,24,201.5673474918,54.41528187011,10,2,84434925,2,21.66,20.5592,1.4791,2.39469,30,1,0
486,743051, 2019-04-25 ,2458598.8492593,1,30,197.0111803004,53.42907127415,2,2,84434925,2,21.57,20.4938,1.5864,2.20808,30,1,0
487,743052, 2019-04-25 ,2458598.8492593,1,25,200.0830271663,54.39552611906,0,2,84434925,2,21.62,20.5169,1.5501,2.28953,30,0,44
488,743053, 2019-04-25 ,2458598.8492593,1,15,198.6253587523,51.57615632582,0,2,84434925,2,21.67,20.5451,1.3795,2.17929,30,0,44
489,743054, 2019-04-25 ,2458598.8492593,1,44,198.1875411011,56.26447486551,5,2,84434925,2,21.56,20.5146,1.6315,2.34943,30,1,0
490,743055, 2019-04-25 ,2458598.8492593,1,23,204.699114498,53.52349645853,0,2,84434925,2,21.7,20.6588,1.4521,2.29779,30,0,44
491,743056, 2019-04-25 ,2458598.8492593,1,6,203.2057536594,51.63068971954,8,2,84434925,2,21.71,20.4915,1.4521,2.27569,30,1,0
492,743057, 2019-04-25 ,2458598.8492593,1,50,206.7821723407,57.30079437363001,7,2,84434925,2,21.69,20.6199,1.4143,2.24496,30,1,0
493,743058, 2019-04-25 ,2458598.8492593,1,4,204.6422588441,52.47737107532001,5,2,84434925,2,21.67,20.5722,1.4603,2.26735,30,1,0
494,743059, 2019-04-25 ,2458598.8492593,1,27,201.5853615675,53.54900336829,0,2,84434925,2,21.67,20.6386,1.3836,2.2617700000000003,30,0,44
495,743060, 2019-04-25 ,2458598.8492593,1,39,204.8136535475,55.44010920094,9,2,84434925,2,21.69,20.6216,1.4277,2.25618,30,1,0
496,743061, 2019-04-25 ,2458598.8492593,1,54,203.3418696646,57.37395759811999,5,2,84434925,2,21.65,20.6081,1.3734,2.2109400000000003,30,1,0
497,743062, 2019-04-25 ,2458598.8492593,1,8,201.6014956289,52.4986733158,12,2,84434925,2,21.72,20.6189,1.3896,2.34135,30,1,0
498,743063, 2019-04-25 ,2458598.8492593,1,56,201.4914781215,58.24313026431,2,2,84434925,2,21.57,20.5199,1.5479,2.28676,30,1,0
499,743064, 2019-04-25 ,2458598.8492593,1,22,203.2455744085,53.5437824016,6,2,84434925,2,21.73,20.5076,1.4022,2.38147,30,1,0
500,743065, 2019-04-25 ,2458598.8492593,1,20,204.7491344565,54.3893815334,0,2,84434925,2,21.59,20.5277,1.4411,2.30328,30,0,44
501,743066, 2019-04-25 ,2458598.8492593,1,34,206.5649728969,55.3892904798,2,2,84434925,2,21.71,20.5867,1.4612,2.22801,30,1,0
502,743067, 2019-04-25 ,2458598.8492593,1,48,208.52068456830003,58.0972473013,10,2,84434925,2,21.46,20.4315,1.6532,2.3735,30,1,0
503,743068, 2019-04-25 ,2458598.8492593,1,7,204.597011985,51.61143954247,3,2,84434925,2,21.62,20.5149,1.4911,2.28953,30,1,0
504,743069, 2019-04-25 ,2458598.8492593,1,52,205.0101044635,58.21477372059,8,2,84434925,2,21.6,20.5344,1.5324,2.29228,30,1,0
505,743070, 2019-04-25 ,2458598.8492593,1,9,200.1826025118,52.4828244173,0,2,84434925,2,21.69,20.507,1.3782,2.30053,30,0,44
506,743071, 2019-04-25 ,2458598.8492593,1,29,196.8967072676,54.2925121063,0,2,84434925,2,21.53,20.4807,1.7163,2.27569,30,1,56
507,743072, 2019-04-25 ,2458598.8492593,1,40,201.5345379008,56.3301440748,6,2,84434925,2,21.69,20.6185,1.4335,2.23085,30,1,0
508,743073, 2019-04-25 ,2458598.8492593,1,61,196.3379849682,58.10724588160999,4,2,84434925,2,21.26,20.3188,1.8239,2.38676,30,1,0
509,743074, 2019-04-25 ,2458598.8492593,1,1,206.2676096171,52.43796409677,3,2,84434925,2,21.68,20.5092,1.4688,2.24777,30,1,0
510,743075, 2019-04-25 ,2458598.8496991,1,43,205.6215978777,62.66352882332,3,2,84434969,2,21.61,20.5166,1.5311,2.31695,30,1,0
511,743076, 2019-04-25 ,2458598.8496991,1,44,201.4345309438,63.44245010666,4,2,84434969,2,21.42,20.4956,1.7451,2.34405,30,1,0
512,743077, 2019-04-25 ,2458598.8496991,1,17,211.6267407096,61.52256838397,11,2,84434969,2,21.56,20.4963,1.6173,2.26735,30,1,0
513,743078, 2019-04-25 ,2458598.8496991,1,58,203.5493628676,64.54731604260999,6,2,84434969,2,21.49,20.4121,1.6065,2.30875,30,1,0
514,743079, 2019-04-25 ,2458598.8496991,1,34,211.8049263424,62.56448332429,1,2,84434969,2,21.6,20.4628,1.5897,2.27569,30,1,0
515,743080, 2019-04-25 ,2458598.8496991,1,33,211.96133747080003,63.4278881859,4,2,84434969,2,21.54,20.479,1.6084,2.26735,30,1,0
516,743081, 2019-04-25 ,2458598.8496991,1,53,207.901126569,65.43898978646999,6,2,84434969,2,21.49,20.4166,1.6155,2.33324,30,1,0
517,743082, 2019-04-25 ,2458598.8496991,1,2,211.2016150006,58.752991486400006,5,2,84434969,2,21.47,20.5351,1.6836,2.33595,30,1,0
518,743083, 2019-04-25 ,2458598.8496991,1,21,207.7253123205,61.60899951556,2,2,84434969,2,21.6,20.4299,1.4880000000000002,2.40784,30,1,0
519,743084, 2019-04-25 ,2458598.8496991,1,28,201.7429287371,61.53196618365,5,2,84434969,2,21.51,20.5037,1.764,2.37881,30,1,0
520,743085, 2019-04-25 ,2458598.8496991,1,31,201.8767208562,60.66813582329001,1,2,84434969,2,21.57,20.6152,1.5815,2.30328,30,1,0
521,743086, 2019-04-25 ,2458598.8496991,1,56,205.5223681192,65.44282595351,5,2,84434969,2,21.45,20.4265,1.5837,2.27291,30,1,0
522,743087, 2019-04-25 ,2458598.8496991,1,16,213.4291969108,61.44299462084,7,2,84434969,2,21.47,20.4797,1.7644,2.31422,30,1,0
523,743088, 2019-04-25 ,2458598.8496991,1,45,199.5134250293,63.35968005837,2,2,84434969,2,21.24,20.3267,1.9891,2.42353,30,1,0
524,743089, 2019-04-25 ,2458598.8496991,1,62,199.2493361603,64.39923110789,3,2,84434969,2,21.2,20.3218,1.8062,2.43911,30,1,0
525,743090, 2019-04-25 ,2458598.8496991,1,6,207.6290904603,58.8296851311,6,2,84434969,2,21.6,20.4672,1.5813,2.33053,30,1,0
526,743091, 2019-04-25 ,2458598.8496991,1,1,211.3271984213,59.61682960691999,1,2,84434969,2,21.55,20.5184,1.6585,2.2840000000000003,30,1,0
527,743092, 2019-04-25 ,2458598.8496991,1,30,200.1216561821,60.59301089718,5,2,84434969,2,21.41,20.4003,1.8307,2.27846,30,1,0
528,743093, 2019-04-25 ,2458598.8496991,1,27,205.674789045,60.7486874544,5,2,84434969,2,21.64,20.5775,1.4615,2.29504,30,1,0
529,743094, 2019-04-25 ,2458598.8496991,1,15,202.1382044323,58.759257953790005,1,2,84434969,2,21.57,20.5147,1.4406,2.23085,30,1,0
530,743095, 2019-04-25 ,2458598.8496991,1,10,204.0507143514,58.81168460871,4,2,84434969,2,21.59,20.4446,1.4821,2.23085,30,1,0
531,743096, 2019-04-25 ,2458598.8496991,1,52,209.97687730080003,65.40468062265,3,2,84434969,2,21.46,20.4334,1.7059,2.38676,30,1,0
532,743097, 2019-04-25 ,2458598.8496991,1,35,213.6696166989,62.48233539699,5,2,84434969,2,21.52,20.548,1.6825,2.28676,30,1,0
533,743098, 2019-04-25 ,2458598.8496991,1,18,211.4885579729,60.65880610925,6,2,84434969,2,21.6,20.585,1.6026,2.26735,30,1,0
534,743099, 2019-04-25 ,2458598.8496991,1,46,199.7212122542,62.49865506304,3,2,84434969,2,21.26,20.3609,1.8876,2.41308,30,1,0
535,743100, 2019-04-25 ,2458598.8496991,1,20,209.5410715161,61.58130882859,8,2,84434969,2,21.57,20.5731,1.4780000000000002,2.25618,30,1,0
536,743101, 2019-04-25 ,2458598.8496991,1,29,199.9397990009,61.45465768663,1,2,84434969,2,21.34,20.404,1.8901,2.33865,30,1,0
537,743102, 2019-04-25 ,2458598.8496991,1,36,209.7396961327,63.49696368804,2,2,84434969,2,21.6,20.5961,1.4743,2.23932,30,1,0
538,743103, 2019-04-25 ,2458598.8496991,1,4,209.3686026194,59.67004196225,7,2,84434969,2,21.59,20.5573,1.6211,2.28676,30,1,0
539,743104, 2019-04-25 ,2458598.8496991,1,59,205.5600051276,64.5764429396,4,2,84434969,2,21.51,20.3504,1.4734,2.25058,30,1,0
540,743105, 2019-04-25 ,2458598.8496991,1,26,203.9076736061,60.7240214528,4,2,84434969,2,21.63,20.5695,1.4396,2.32239,30,1,0
541,743106, 2019-04-25 ,2458598.8496991,1,55,209.8638889941,64.53957518596,15,2,84434969,2,21.57,20.6397,1.4827,2.29504,30,1,0
542,743107, 2019-04-25 ,2458598.8496991,1,51,214.1592185279,64.38356639925999,6,2,84434969,2,21.4,20.536,1.7505,2.43911,30,1,0
543,743108, 2019-04-25 ,2458598.8496991,1,37,207.8033136109,63.52651082199,3,2,84434969,2,21.57,20.4569,1.4451,2.25058,30,1,0
544,743109, 2019-04-25 ,2458598.8496991,1,24,205.6472561428,61.61500665113001,5,2,84434969,2,21.64,20.5596,1.52,2.28676,30,1,0
545,743110, 2019-04-25 ,2458598.8496991,1,8,205.7003177823,59.69836838157,3,2,84434969,2,21.64,20.4808,1.4727,2.3735,30,1,0
546,743111, 2019-04-25 ,2458598.8496991,1,39,209.6470452588,62.63155036298,9,2,84434969,2,21.62,20.5286,1.4736,2.30602,30,1,0
547,743112, 2019-04-25 ,2458598.8496991,1,49,212.3511080085,65.33589448845001,4,2,84434969,2,21.38,20.3814,1.8429,2.49036,30,1,0
548,743113, 2019-04-25 ,2458598.8496991,1,11,205.7192334469,58.83201131752,5,2,84434969,2,21.63,20.466,1.4983,2.30875,30,1,0
549,743114, 2019-04-25 ,2458598.8496991,1,25,203.8310060745,61.5895804304,6,2,84434969,2,21.6,20.492,1.5522,2.27013,30,1,0
550,743115, 2019-04-25 ,2458598.8496991,1,50,212.1680014053,64.47305103286,10,2,84434969,2,21.5,20.5041,1.6266,2.29228,30,1,0
551,743116, 2019-04-25 ,2458598.8496991,1,61,199.0117565312,65.25952932359999,0,2,84434969,2,21.19,20.2697,1.8861,2.38412,30,1,56
552,743117, 2019-04-25 ,2458598.8496991,1,42,203.741364782,62.63833101555,5,2,84434969,2,21.55,20.4483,1.6838,2.32239,30,1,0
553,743118, 2019-04-25 ,2458598.8496991,1,32,213.8811640379,63.34323498072,4,2,84434969,2,21.5,20.5124,1.6841,2.29504,30,1,0
554,743119, 2019-04-25 ,2458598.8496991,1,40,205.5929843801,63.52984037471,4,2,84434969,2,21.59,20.4885,1.461,2.23932,30,1,0
555,743120, 2019-04-25 ,2458598.8496991,1,22,207.6932709913,60.74270960259,3,2,84434969,2,21.63,20.3962,1.4917,2.41046,30,1,0
556,743121, 2019-04-25 ,2458598.8496991,1,12,202.0243335617,59.62345052485,10,2,84434969,2,21.61,20.4973,1.4348,2.37616,30,1,0
557,743122, 2019-04-25 ,2458598.8496991,1,7,209.2970724853,58.80442193630999,4,2,84434969,2,21.55,20.4855,1.6553,2.31422,30,1,0
558,743123, 2019-04-25 ,2458598.8496991,1,5,207.6574950153,59.69600616921,4,2,84434969,2,21.63,20.4269,1.5026,2.31422,30,1,0
559,743124, 2019-04-25 ,2458598.8496991,1,63,201.2423008507,64.48455667646,5,2,84434969,2,21.39,20.4726,1.7247,2.31149,30,1,0
560,743125, 2019-04-25 ,2458598.8496991,1,47,201.5870009511,62.57896831261,1,2,84434969,2,21.43,20.5043,1.7715,2.3548,30,1,0
561,743126, 2019-04-25 ,2458598.8496991,1,19,213.2429261437,60.58138600106,10,2,84434969,2,21.49,20.5384,1.7756,2.37616,30,1,0
562,743127, 2019-04-25 ,2458598.8496991,1,14,200.4792850934,58.69095125336,5,2,84434969,2,21.37,20.3273,1.6802,2.19948,30,1,0
563,743128, 2019-04-25 ,2458598.8496991,1,23,209.4598725807,60.71577828969,8,2,84434969,2,21.61,20.5382,1.5245,2.35211,30,1,0
564,743129, 2019-04-25 ,2458598.8496991,1,38,207.7670868635,62.66027978747,7,2,84434969,2,21.62,20.4185,1.4807,2.30875,30,1,0
565,743130, 2019-04-25 ,2458598.8496991,1,60,201.0687993552,65.34779170645001,3,2,84434969,2,21.37,20.4383,1.699,2.34943,30,1,0
566,743131, 2019-04-25 ,2458598.8496991,1,13,200.3232166216,59.55336897891999,2,2,84434969,2,21.42,20.3856,1.6766,2.22801,30,1,0
567,743132, 2019-04-25 ,2458598.8496991,1,48,214.4060314603,65.2434338171,0,2,84434969,2,21.25,20.2684,2.0095,2.52811,30,1,56
568,743133, 2019-04-25 ,2458598.8496991,1,9,203.9887641738,59.67743166225,5,2,84434969,2,21.62,20.4689,1.4488,2.29779,30,1,0
569,743134, 2019-04-25 ,2458598.8496991,1,57,203.4458140037,65.41267756216999,6,2,84434969,2,21.42,20.4799,1.5891,2.2617700000000003,30,1,0
570,743135, 2019-04-25 ,2458598.8496991,1,41,203.6559952993,63.50384368518001,3,2,84434969,2,21.56,20.4535,1.6546,2.2617700000000003,30,1,0
571,743136, 2019-04-25 ,2458598.8496991,1,0,213.0269143756,59.54059186389,4,2,84434969,2,21.38,20.3926,1.7528,2.32511,30,1,0
572,743137, 2019-04-25 ,2458598.8496991,1,54,207.8541143479,64.57277964543,8,2,84434969,2,21.53,20.606,1.4489,2.43911,30,1,0
573,743138, 2019-04-25 ,2458598.8496991,1,3,212.8591758363,58.67874009620999,4,2,84434969,2,21.35,20.3391,1.807,2.35211,30,1,0
574,743139, 2019-04-25 ,2458598.850162,1,42,211.0386557097,55.44565254828,2,2,84435016,2,21.59,20.5834,1.7269,2.31695,30,1,0
575,743140, 2019-04-25 ,2458598.850162,1,16,218.9424797712,54.28437481531,8,2,84435016,2,21.59,20.5845,1.6583,2.28676,30,1,0
576,743141, 2019-04-25 ,2458598.850162,1,0,218.6875861355,52.377776623790005,3,2,84435016,2,21.52,20.4594,1.6206,2.34674,30,1,0
577,743142, 2019-04-25 ,2458598.850162,1,29,207.905436094,54.29452072172,2,2,84435016,2,21.25,20.4557,2.1022,2.53311,30,1,0
578,743143, 2019-04-25 ,2458598.850162,1,47,209.290872671,55.40133725656,1,2,84435016,2,21.35,20.5583,2.0084,2.42092,30,1,0
579,743144, 2019-04-25 ,2458598.850162,1,51,219.38730061830003,57.23300226812,10,2,84435016,2,21.46,20.5257,1.7109,2.46999,30,1,0
580,743145, 2019-04-25 ,2458598.850162,1,57,210.8638034031,58.22125176319,3,2,84435016,2,21.51,20.5424,1.5486,2.31149,30,1,0
581,743146, 2019-04-25 ,2458598.850162,1,28,209.3835282025,54.353203605880005,4,2,84435016,2,21.47,20.5066,1.9058,2.49036,30,1,0
582,743147, 2019-04-25 ,2458598.850162,1,39,215.82352381240003,55.439627065390006,7,2,84435016,2,21.74,20.6955,1.384,2.18508,30,1,0
583,743148, 2019-04-25 ,2458598.850162,1,43,212.562350664,55.46440149604,1,2,84435016,2,21.63,20.6833,1.5406,2.25058,30,1,0
584,743149, 2019-04-25 ,2458598.850162,1,14,208.2448021635,51.52542942464001,0,2,84435016,2,21.34,20.304,2.1149,2.32782,30,1,56
585,743150, 2019-04-25 ,2458598.850162,1,55,215.9552381474,57.3486121261,4,2,84435016,2,21.67,20.6194,1.4646,2.23085,30,1,0
586,743151, 2019-04-25 ,2458598.850162,1,26,211.1396260855,53.53064685808,2,2,84435016,2,21.65,20.6174,1.5685,2.32239,30,1,0
587,743152, 2019-04-25 ,2458598.850162,1,23,215.7070488851,53.52303042164001,11,2,84435016,2,21.77,20.6404,1.4005,2.24777,30,1,0
588,743153, 2019-04-25 ,2458598.850162,1,49,217.9022237021,58.164142462380006,3,2,84435016,2,21.43,20.3377,1.8652,2.47254,30,1,0
589,743154, 2019-04-25 ,2458598.850162,1,10,211.2280753653,51.61774649927,6,2,84435016,2,21.67,20.4928,1.3971,2.22801,30,1,0
590,743155, 2019-04-25 ,2458598.850162,1,15,209.6316102729,51.577614225290006,2,2,84435016,2,21.6,20.5664,1.4823,2.22234,30,1,0
591,743156, 2019-04-25 ,2458598.850162,1,50,217.7940634253,57.29973197792,9,2,84435016,2,21.6,20.6005,1.5753,2.30875,30,1,0
592,743157, 2019-04-25 ,2458598.850162,1,32,219.21981005740005,56.18948787424,10,2,84435016,2,21.55,20.501,1.6234,2.32239,30,1,0
593,743158, 2019-04-25 ,2458598.850162,1,54,214.3538917389,57.374017468240005,7,2,84435016,2,21.72,20.5656,1.3923,2.23932,30,1,0
594,743159, 2019-04-25 ,2458598.850162,1,33,217.6698733785,56.2528841214,10,2,84435016,2,21.64,20.6456,1.5196,2.23932,30,1,0
595,743160, 2019-04-25 ,2458598.850162,1,38,214.3002515634,55.46137731525,9,2,84435016,2,21.72,20.6364,1.4598,2.27846,30,1,0
596,743161, 2019-04-25 ,2458598.850162,1,46,207.7740201877,55.34080518841999,0,2,84435016,2,21.22,20.4853,2.0112,2.51559,30,1,56
597,743162, 2019-04-25 ,2458598.850162,1,2,217.1932400671,51.57216666854,6,2,84435016,2,21.63,20.5576,1.5804,2.29504,30,1,0
598,743163, 2019-04-25 ,2458598.850162,1,20,215.7579185856,54.388896967140006,0,2,84435016,2,21.75,20.6504,1.4113,2.25618,30,0,44
599,743164, 2019-04-25 ,2458598.850162,1,58,210.925118019,57.35547114466999,7,2,84435016,2,21.57,20.5132,1.5907,2.34405,30,1,0
600,743165, 2019-04-25 ,2458598.850162,1,59,212.5270000919,57.3773395818,4,2,84435016,2,21.66,20.6239,1.4162,2.18797,30,1,0
601,743166, 2019-04-25 ,2458598.850162,1,63,209.0845385451,57.30969001167,1,2,84435016,2,21.42,20.5741,1.6261,2.2840000000000003,30,1,0
602,743167, 2019-04-25 ,2458598.850162,1,40,212.5453632362,56.33074733841,2,2,84435016,2,21.71,20.6643,1.4348,2.21665,30,1,0
603,743168, 2019-04-25 ,2458598.850162,1,12,209.5595863839,52.44268096195,1,2,84435016,2,21.6,20.6419,1.5814,2.25898,30,1,0
604,743169, 2019-04-25 ,2458598.850162,1,36,215.8800735379,56.30546587731,0,2,84435016,2,21.71,20.6682,1.4174,2.19948,30,0,44
605,743170, 2019-04-25 ,2458598.850162,1,19,218.8256678387,53.420827581240005,7,2,84435016,2,21.58,20.6992,1.6463,2.38941,30,1,0
606,743171, 2019-04-25 ,2458598.850162,1,18,217.3779158206,53.480068725600006,5,2,84435016,2,21.75,20.5316,1.4604,2.30328,30,1,0
607,743172, 2019-04-25 ,2458598.850162,1,60,208.9829478611,58.1742797984,4,2,84435016,2,21.48,20.5316,1.655,2.31695,30,1,0
608,743173, 2019-04-25 ,2458598.850162,1,56,212.5045489933,58.24375160175,8,2,84435016,2,21.56,20.4965,1.5408,2.33595,30,1,0
609,743174, 2019-04-25 ,2458598.850162,1,5,214.2306438094,52.49697740356,4,2,84435016,2,21.74,20.6009,1.4051,2.23932,30,1,0
610,743175, 2019-04-25 ,2458598.850162,1,31,209.4671259524,53.48843917156,0,2,84435016,2,21.48,20.5827,1.8167,2.34943,30,1,56
611,743176, 2019-04-25 ,2458598.850162,1,9,211.1896616785,52.4837960012,7,2,84435016,2,21.68,20.5733,1.4148,2.25898,30,1,0
612,743177, 2019-04-25 ,2458598.850162,1,30,208.0190988152,53.431049366070006,0,2,84435016,2,21.36,20.3987,1.9911,2.36283,30,1,56
613,743178, 2019-04-25 ,2458598.850162,1,44,209.1982907548,56.26605737195,4,2,84435016,2,21.45,20.5747,1.8304,2.3735,30,1,0
614,743179, 2019-04-25 ,2458598.850162,1,41,210.9874609417,56.31147703561,1,2,84435016,2,21.6,20.6146,1.621,2.23367,30,1,0
615,743180, 2019-04-25 ,2458598.850162,1,7,215.6032961597,51.61098879559,1,2,84435016,2,21.62,20.6331,1.4984,2.32511,30,1,0
616,743181, 2019-04-25 ,2458598.850162,1,35,219.0910862673,55.32630860776,7,2,84435016,2,21.56,20.6561,1.6127,2.26735,30,1,0
617,743182, 2019-04-25 ,2458598.850162,1,21,214.2738513686,54.41004709711,4,2,84435016,2,21.71,20.5803,1.395,2.25898,30,1,0
618,743183, 2019-04-25 ,2458598.850162,1,24,212.57625262,54.4158002483,4,2,84435016,2,21.63,20.6998,1.5121,2.25338,30,1,0
619,743184, 2019-04-25 ,2458598.850162,1,62,207.4903890168,57.24645328169001,4,2,84435016,2,21.22,20.4216,1.7573,2.43911,30,1,0
620,743185, 2019-04-25 ,2458598.850162,1,53,214.3828659349,58.24029818809,5,2,84435016,2,21.55,20.4745,1.5856,2.3655,30,1,0
621,743186, 2019-04-25 ,2458598.850162,1,11,212.6196209629,51.6328150176,3,2,84435016,2,21.72,20.5847,1.5541,2.26456,30,1,0
622,743187, 2019-04-25 ,2458598.850162,1,52,216.0231192966,58.21431071156999,8,2,84435016,2,21.52,20.5067,1.6921,2.38941,30,1,0
623,743188, 2019-04-25 ,2458598.850162,1,4,215.6492119452,52.476901258000005,4,2,84435016,2,21.74,20.6672,1.4497,2.29228,30,1,0
624,743189, 2019-04-25 ,2458598.850162,1,25,211.0919210211,54.3965276203,1,2,84435016,2,21.48,20.6229,1.7357,2.32239,30,1,0
625,743190, 2019-04-25 ,2458598.850162,1,17,217.4645679951,54.34494512279,6,2,84435016,2,21.7,20.552,1.4541,2.23932,30,1,0
626,743191, 2019-04-25 ,2458598.850162,1,61,207.350727803,58.10947919492,2,2,84435016,2,21.28,20.2859,1.8621,2.41046,30,1,0
627,743192, 2019-04-25 ,2458598.850162,1,34,217.5747687454,55.38827407154,4,2,84435016,2,21.69,20.6313,1.4748,2.24214,30,1,0
628,743193, 2019-04-25 ,2458598.850162,1,37,214.322433163,56.32767196463,5,2,84435016,2,21.69,20.5965,1.3891,2.21949,30,1,0
629,743194, 2019-04-25 ,2458598.850162,1,8,212.6085702669,52.499177065,0,2,84435016,2,21.75,20.6396,1.3314,2.21379,30,0,44
630,743195, 2019-04-25 ,2458598.850162,1,22,214.2535382265,53.543784301280006,4,2,84435016,2,21.76,20.5763,1.3835,2.27846,30,1,0
631,743196, 2019-04-25 ,2458598.850162,1,48,219.5334251095,58.09571433899,3,2,84435016,2,21.25,20.3236,2.0599,2.60925,30,1,0
632,743197, 2019-04-25 ,2458598.850162,1,13,208.1457610126,52.38937318924,0,2,84435016,2,21.38,20.4189,1.629,2.27013,30,1,56
633,743198, 2019-04-25 ,2458598.850162,1,3,218.5791255882,51.51423357773,8,2,84435016,2,21.45,20.4118,1.6853,2.36283,30,1,0
634,743199, 2019-04-25 ,2458598.850162,1,27,212.5934440377,53.54951702973,3,2,84435016,2,21.68,20.6443,1.4451,2.25618,30,1,0
635,743200, 2019-04-25 ,2458598.850162,1,6,214.212069573,51.630685757090006,4,2,84435016,2,21.66,20.5753,1.4204,2.28676,30,1,0
636,743201, 2019-04-25 ,2458598.850162,1,1,217.2745972323,52.43692074592,7,2,84435016,2,21.7,20.6146,1.4858,2.26456,30,1,0
637,743202, 2019-04-25 ,2458598.850162,1,45,207.6475934607,56.20406381546,53,2,84435016,2,21.19,20.5871,1.953,2.50805,30,1,0
