wavelengths,fluxes
3444.645,2.450098e-17
3447.0609999999997,5.099922e-17
3449.478,-2.28123e-17
3451.897,-1.358192e-17
3454.3179999999998,5.863398e-17
3456.74,4.7447120000000006e-17
3459.164,3.8193320000000004e-17
3461.5890000000004,-5.723041999999999e-17
3464.015,-6.218123999999999e-17
3466.4429999999998,-4.7448500000000004e-17
3468.873,7.549808000000001e-17
3471.304,-2.7417920000000002e-17
3473.737,-1.405225e-17
3476.171,-2.688426e-17
3478.6059999999998,-1.7415179999999997e-17
3481.0429999999997,3.659542e-17
3483.482,-6.692978e-18
3485.922,-3.182726e-17
3488.363,-5.2013940000000005e-18
3490.8059999999996,6.380799e-17
3493.2509999999997,2.917167e-17
3495.697,5.065492e-17
3498.1440000000002,2.494699e-17
3500.593,2.043156e-17
3503.0429999999997,4.422495e-19
3505.495,2.155725e-17
3507.948,2.871871e-17
3510.403,3.1777150000000004e-17
3512.8590000000004,-1.094828e-17
3515.316,-1.403858e-17
3517.775,-2.4665340000000003e-17
3520.236,1.64859e-17
3522.698,1.0747380000000001e-17
3525.1609999999996,-2.9479190000000004e-17
3527.6259999999997,2.1489749999999998e-17
3530.092,3.495576e-17
3532.56,9.636628e-18
3535.0290000000005,-1.391831e-17
3537.5,9.104207e-17
3539.972,4.126528e-17
3542.445,-1.6586510000000002e-17
3544.92,4.349509e-17
3547.3959999999997,6.675666e-17
3549.8740000000003,5.230994e-18
3552.353,3.859143e-17
3554.8340000000003,4.881331e-17
3557.316,2.907747000000001e-17
3559.7990000000004,1.0015650000000001e-17
3562.284,2.960406e-17
3564.77,4.391307e-17
3567.258,4.396563e-17
3569.7470000000003,-7.351852e-18
3572.238,8.198824e-18
3574.73,3.5162329999999994e-17
3577.223,1.0993089999999999e-17
3579.718,4.660903e-17
3582.2140000000004,1.027534e-17
3584.711,4.587272e-18
3587.21,4.587239000000001e-17
3589.711,1.635779e-17
3592.212,-7.471008e-18
3594.715,3.293263e-17
3597.22,2.839347e-17
3599.7259999999997,2.031344e-17
3602.2329999999997,5.1021800000000004e-17
3604.742,2.574632e-17
3607.252,3.76349e-17
3609.763,3.059382e-17
3612.276,4.293805000000001e-17
3614.79,1.568205e-17
3617.3059999999996,2.3030370000000003e-17
3619.823,2.107063e-17
3622.341,4.4548409999999995e-17
3624.86,1.735101e-17
3627.382,3.865254e-17
3629.9040000000005,-4.6120050000000004e-18
3632.428,2.277696e-17
3634.953,-1.5429760000000002e-19
3637.4790000000003,-1.7565479999999998e-17
3640.007,-1.0961289999999999e-17
3642.5359999999996,1.3240379999999998e-17
3645.067,2.2342960000000003e-17
3647.599,1.962851e-17
3650.132,4.707678e-17
3652.667,3.643367e-17
3655.203,1.187482e-17
3657.74,-2.158501e-18
3660.278,2.1558400000000004e-17
3662.8179999999998,2.713952e-17
3665.36,2.555792e-18
3667.902,-4.44783e-19
3670.446,3.385242e-17
3672.992,2.391341e-17
3675.538,1.7333120000000002e-17
3678.086,1.046365e-17
3680.636,2.620344e-17
3683.1859999999997,2.889078e-17
3685.738,1.0706559999999999e-17
3688.2909999999997,2.5932119999999997e-17
3690.8459999999995,2.3228139999999996e-17
3693.402,1.646443e-18
3695.9590000000003,2.469188e-17
3698.518,1.8904400000000002e-17
3701.078,1.1241140000000001e-17
3703.639,4.924792e-18
3706.2009999999996,1.8033550000000002e-17
3708.765,2.668993e-17
3711.33,1.6135929999999998e-17
3713.8959999999997,1.852881e-17
3716.4640000000004,1.982889e-17
3719.033,1.757795e-17
3721.603,-1.0520129999999999e-17
3724.175,2.88558e-17
3726.748,8.081476e-18
3729.322,1.458641e-17
3731.897,1.455691e-17
3734.474,7.144893e-18
3737.052,1.8927939999999998e-17
3739.632,2.0503020000000002e-17
3742.212,1.9385160000000002e-17
3744.7940000000003,3.614454e-17
3747.377,9.040106e-18
3749.962,1.826647e-17
3752.547,3.220987e-17
3755.134,2.6363220000000004e-17
3757.723,1.199096e-17
3760.312,3.611961e-17
3762.903,1.368826e-17
3765.495,2.246176e-17
3768.0879999999997,-1.188171e-19
3770.683,1.564828e-17
3773.2790000000005,3.1189970000000007e-17
3775.8759999999997,1.3816420000000001e-17
3778.474,1.348241e-17
3781.074,-9.536784e-18
3783.675,1.3371660000000002e-17
3786.277,2.996389e-17
3788.88,3.3440290000000004e-17
3791.485,1.702316e-17
3794.091,9.587257000000001e-18
3796.698,1.2075610000000002e-17
3799.3059999999996,2.060536e-17
3801.9159999999997,2.5002629999999997e-17
3804.527,3.203957000000001e-17
3807.139,1.019689e-17
3809.752,2.721672e-17
3812.366,1.9973160000000002e-17
3814.982,2.1491210000000003e-17
3817.599,1.460674e-17
3820.217,2.8535529999999995e-17
3822.837,3.404291e-17
3825.458,3.8979849999999997e-17
3828.08,2.024922e-17
3830.703,2.121663e-17
3833.327,8.172656000000001e-18
3835.953,2.3512729999999994e-17
3838.579,2.6644850000000002e-17
3841.2070000000003,1.437861e-17
3843.836,1.248694e-17
3846.467,2.1062729999999996e-17
3849.099,6.949601e-18
3851.7309999999998,2.0466e-17
3854.365,1.8947729999999997e-17
3857.0009999999997,2.527242e-17
3859.637,2.125035e-17
3862.275,1.898795e-17
3864.914,1.740708e-17
3867.554,3.000442e-17
3870.195,2.62284e-17
3872.837,1.402692e-18
3875.4809999999998,3.0949790000000003e-17
3878.1259999999997,7.329932999999999e-18
3880.772,2.206062e-17
3883.4190000000003,3.5500720000000003e-17
3886.067,1.154006e-17
3888.717,1.438519e-17
3891.367,2.7032059999999998e-17
3894.0190000000002,1.3588829999999999e-17
3896.672,2.225625e-17
3899.327,1.197509e-17
3901.982,3.225675e-18
3904.639,2.552661e-17
3907.296,1.706124e-17
3909.955,8.39188e-18
3912.615,2.959155e-17
3915.277,2.4197729999999996e-17
3917.9390000000003,2.092979e-17
3920.603,1.932562e-17
3923.2670000000003,2.580895e-17
3925.933,1.842933e-17
3928.6,2.5225170000000003e-17
3931.268,1.447455e-17
3933.938,3.12915e-17
3936.6079999999997,1.715205e-17
3939.28,1.7603339999999998e-17
3941.953,1.984243e-17
3944.627,2.272554e-17
3947.302,2.0984839999999998e-17
3949.978,1.705763e-17
3952.655,2.571099e-17
3955.3340000000003,1.3827550000000002e-17
3958.014,1.4928620000000002e-17
3960.6940000000004,2.212788e-17
3963.3759999999997,2.5882100000000002e-17
3966.059,1.578225e-17
3968.743,2.286522e-17
3971.429,2.8637620000000005e-17
3974.115,2.398654e-17
3976.803,1.974094e-17
3979.491,3.496567e-17
3982.1809999999996,2.476712e-17
3984.8720000000003,3.3488070000000005e-17
3987.5640000000003,2.1504000000000002e-17
3990.257,2.4405820000000003e-17
3992.952,2.826712e-17
3995.647,2.3450229999999996e-17
3998.343,2.138284e-17
4001.0409999999997,1.9059129999999998e-17
4003.74,1.60578e-17
4006.44,1.480795e-17
4009.1409999999996,1.6361800000000002e-17
4011.843,3.542346e-17
4014.546,2.145581e-17
4017.25,1.3205639999999999e-17
4019.955,3.005079e-17
4022.6620000000003,2.5454579999999998e-17
4025.369,3.374572e-17
4028.078,1.366852e-17
4030.7870000000003,2.9722759999999995e-17
4033.498,2.3999829999999998e-17
4036.21,3.360616e-17
4038.923,2.8367259999999993e-17
4041.637,2.80597e-17
4044.3520000000003,3.492218e-17
4047.0679999999998,1.337634e-17
4049.7859999999996,2.3668160000000003e-17
4052.5040000000004,3.107432e-17
4055.224,1.86191e-17
4057.9440000000004,2.1366100000000002e-17
4060.6659999999997,2.0859570000000002e-17
4063.388,2.5688169999999998e-17
4066.112,2.6562240000000004e-17
4068.837,4.245544e-17
4071.563,4.0551140000000005e-17
4074.29,2.627987e-17
4077.018,2.878831e-17
4079.7470000000003,2.560192e-17
4082.4770000000003,1.589583e-17
4085.208,3.512803e-17
4087.94,2.6914770000000003e-17
4090.673,2.308284e-17
4093.408,1.379755e-17
4096.143,2.972838e-17
4098.88,3.433151e-17
4101.617,3.202398e-17
4104.356,3.3281170000000007e-17
4107.095,3.1689620000000004e-17
4109.835999999999,2.6781290000000003e-17
4112.577,3.3287680000000006e-17
4115.32,2.6450240000000003e-17
4118.064,2.6968419999999998e-17
4120.809,1.933501e-17
4123.554,2.042057e-17
4126.3009999999995,2.4421910000000002e-17
4129.049,3.100236e-17
4131.798,2.880987e-17
4134.548,3.460159e-17
4137.299,3.2911609999999995e-17
4140.0509999999995,2.172189e-17
4142.804,3.348059e-17
4145.558,1.614833e-17
4148.313,2.333542e-17
4151.069,1.852027e-17
4153.826,3.243626e-17
4156.584,2.6096060000000005e-17
4159.343,3.493662e-17
4162.103,3.1820310000000004e-17
4164.865,3.108654000000001e-17
4167.627,3.03529e-17
4170.39,2.961887e-17
4173.154,2.8884709999999997e-17
4175.919,2.8150159999999995e-17
4178.685,2.741535e-17
4181.452,1.8978589999999997e-17
4184.221,3.2121009999999995e-17
4186.99,2.260215e-17
4189.76,3.03227e-17
4192.531,3.2558379999999995e-17
4195.303,1.607937e-17
4198.076,3.038558e-17
4200.851,2.721809e-17
4203.626,2.4717220000000002e-17
4206.402,2.07381e-17
4209.179,3.091135e-17
4211.957,3.223864e-17
4214.736,2.6581709999999996e-17
4217.516,2.2302779999999996e-17
4220.2970000000005,1.991922e-17
4223.079000000001,2.7634109999999995e-17
4225.862,3.423957e-17
4228.646,2.859057e-17
4231.431,2.3663040000000003e-17
4234.217000000001,2.807857e-17
4237.004,2.4339380000000002e-17
4239.791,2.914935e-17
4242.58,3.492289e-17
4245.37,2.708625e-17
4248.161,2.669472e-17
4250.952,2.570479e-17
4253.745,3.353913e-17
4256.539000000001,2.180302e-17
4259.333,2.936002e-17
4262.129,3.7571659999999997e-17
4264.925,3.30234e-17
4267.723,3.86662e-17
4270.521,3.42388e-17
4273.32,3.2261690000000003e-17
4276.121,1.940806e-17
4278.9220000000005,3.102745e-17
4281.724,2.359455e-17
4284.527,2.869199e-17
4287.331,3.588534e-17
4290.1359999999995,2.3021839999999998e-17
4292.942,2.1688060000000002e-17
4295.749,2.6312490000000004e-17
4298.557,2.124046e-17
4301.366,2.9242779999999994e-17
4304.175,2.098902e-17
4306.986,2.412353e-17
4309.798,2.849286e-17
4312.61,2.4739760000000002e-17
4315.423,3.321851e-17
4318.238,2.0666320000000002e-17
4321.053,4.457720999999999e-17
4323.869000000001,2.3351159999999997e-17
4326.686,2.414271e-17
4329.504,2.172635e-17
4332.323,3.0966129999999995e-17
4335.143,3.0690800000000003e-17
4337.964,3.106268e-17
4340.785,3.4077870000000005e-17
4343.608,3.052231e-17
4346.432,2.1967260000000003e-17
4349.255999999999,2.859714e-17
4352.081,2.858752e-17
4354.907,2.67192e-17
4357.735,3.4726690000000004e-17
4360.563,2.5723989999999995e-17
4363.392,3.228899e-17
4366.221,3.515782e-17
4369.052,3.197406e-17
4371.884,2.323838e-17
4374.715999999999,2.656942e-17
4377.55,2.579535e-17
4380.384,2.6816659999999998e-17
4383.219,2.104061e-17
4386.055,2.098909e-17
4388.892,3.48556e-17
4391.73,2.611507e-17
4394.569,2.7708449999999997e-17
4397.407999999999,2.5313779999999996e-17
4400.249,3.0981909999999995e-17
4403.09,2.570437e-17
4405.933,2.2648289999999996e-17
4408.776,3.014929e-17
4411.62,3.1351119999999996e-17
4414.465,2.4093850000000004e-17
4417.31,2.23516e-17
4420.157,3.005941e-17
4423.005,2.819235e-17
4425.853,3.756001e-17
4428.702,2.3539189999999997e-17
4431.552,2.915318e-17
4434.403,2.7287640000000002e-17
4437.255,2.5159929999999996e-17
4440.108,2.257333e-17
4442.962,2.815836e-17
4445.816,2.576621e-17
4448.670999999999,2.483351e-17
4451.527,2.4754250000000004e-17
4454.384,3.7223959999999993e-17
4457.242,2.616902e-17
4460.101,2.9390949999999997e-17
4462.960999999999,3.4659609999999995e-17
4465.821,2.654425e-17
4468.682,2.5019940000000002e-17
4471.544,1.287333e-17
4474.407,2.5007870000000003e-17
4477.271,3.4216290000000007e-17
4480.1359999999995,2.069692e-17
4483.001,3.0415209999999996e-17
4485.8679999999995,1.815592e-17
4488.735,3.2793509999999996e-17
4491.603,2.259999e-17
4494.472,2.274897e-17
4497.340999999999,3.0515770000000004e-17
4500.212,3.132345e-17
4503.083,3.231053e-17
4505.955,2.6533140000000005e-17
4508.8279999999995,1.6789790000000002e-17
4511.702,2.5020920000000002e-17
4514.577,2.4962820000000004e-17
4517.452,1.996677e-17
4520.3279999999995,2.249539e-17
4523.205,1.990132e-17
4526.083,2.6889009999999997e-17
4528.962,2.5384659999999998e-17
4531.842000000001,3.256992e-17
4534.722,2.9598990000000006e-17
4537.603,2.5347370000000004e-17
4540.485,2.562851e-17
4543.3679999999995,2.3367449999999998e-17
4546.252,2.385313e-17
4549.1359999999995,2.49577e-17
4552.021,2.6292540000000003e-17
4554.907,3.2345079999999996e-17
4557.794,2.920065e-17
4560.682,2.5486979999999997e-17
4563.57,3.574374e-17
4566.459,1.785431e-17
4569.349,2.85539e-17
4572.24,2.3461550000000004e-17
4575.1320000000005,2.4963499999999998e-17
4578.024,3.0260929999999997e-17
4580.918,2.4490649999999998e-17
4583.812,2.895371e-17
4586.706,2.080165e-17
4589.602,3.4574949999999996e-17
4592.498,3.104812e-17
4595.396,3.35634e-17
4598.294,2.7524640000000004e-17
4601.192,3.2501959999999996e-17
4604.092000000001,2.5349640000000002e-17
4606.992,3.2248270000000004e-17
4609.893,2.7544479999999998e-17
4612.795,2.5445849999999998e-17
4615.698,2.5662460000000005e-17
4618.601,2.035536e-17
4621.505,3.262521e-17
4624.41,2.760591e-17
4627.316,2.8091719999999996e-17
4630.223,2.938813e-17
4633.13,2.236554e-17
4636.038,2.469712e-17
4638.947,3.5382709999999994e-17
4641.856,3.100693e-17
4644.767,2.831518e-17
4647.678,2.806551e-17
4650.59,2.905562e-17
4653.502,2.82217e-17
4656.416,2.3709639999999998e-17
4659.33,3.4028990000000005e-17
4662.245,2.2002640000000002e-17
4665.16,3.057942e-17
4668.077,1.958677e-17
4670.994000000001,3.1168049999999996e-17
4673.912,2.753277e-17
4676.831,2.215315e-17
4679.75,2.389565e-17
4682.67,2.0053529999999997e-17
4685.590999999999,3.2170809999999997e-17
4688.513,3.013218e-17
4691.435,2.587935e-17
4694.358,2.445456e-17
4697.282,2.892882e-17
4700.207,2.6059499999999996e-17
4703.1320000000005,2.6916040000000003e-17
4706.058,2.721616e-17
4708.985,2.6128029999999996e-17
4711.912,2.348131e-17
4714.840999999999,2.6732050000000003e-17
4717.77,2.793413e-17
4720.6990000000005,3.3239259999999996e-17
4723.63,2.482532e-17
4726.561,2.6621729999999998e-17
4729.4929999999995,1.394573e-17
4732.4259999999995,3.25309e-17
4735.359,3.208088e-17
4738.293,3.3614099999999994e-17
4741.228,3.11671e-17
4744.164000000001,1.807172e-17
4747.1,3.189691e-17
4750.037,2.95433e-17
4752.974,2.6842459999999997e-17
4755.913,3.289309e-17
4758.852,2.6453860000000002e-17
4761.792,1.225774e-17
4764.732,2.486226e-17
4767.674,1.819917e-17
4770.616,1.948231e-17
4773.558,2.2244949999999998e-17
4776.502,2.032645e-17
4779.446,2.786015e-17
4782.39,2.325371e-17
4785.335999999999,2.150384e-17
4788.282,2.5798710000000003e-17
4791.229,2.970804e-17
4794.177,2.230511e-17
4797.125,2.3822910000000004e-17
4800.0740000000005,1.346966e-17
4803.023,2.1454120000000003e-17
4805.974,2.792695e-17
4808.925,2.4679090000000002e-17
4811.877,1.967407e-17
4814.829000000001,2.0853769999999998e-17
4817.782,1.107869e-17
4820.736,2.357029e-17
4823.69,1.7915339999999998e-17
4826.646,2.7637470000000003e-17
4829.602,1.8641839999999998e-17
4832.558,1.72005e-17
4835.515,1.491253e-17
4838.473,2.0940660000000002e-17
4841.432,2.776453e-17
4844.391,2.2118569999999998e-17
4847.351,2.453211e-17
4850.312,1.721574e-17
4853.273,2.4187790000000002e-17
4856.235,1.896589e-17
4859.197,2.5730599999999998e-17
4862.161,1.5687520000000002e-17
4865.125,1.764497e-17
4868.089,2.196597e-17
4871.055,1.576902e-17
4874.021,2.59639e-17
4876.987,1.953693e-17
4879.954000000001,2.125902e-17
4882.9220000000005,2.2645279999999998e-17
4885.891,2.7657359999999997e-17
4888.86,2.6077800000000002e-17
4891.83,2.500368e-17
4894.8009999999995,2.354424e-17
4897.772,1.786894e-17
4900.744000000001,3.287577e-17
4903.717000000001,1.1603419999999999e-17
4906.69,2.5447470000000005e-17
4909.664000000001,2.240143e-17
4912.638,3.1689629999999996e-17
4915.613,3.2433809999999996e-17
4918.589,3.9222209999999996e-17
4921.565,2.627546e-17
4924.543,2.8495749999999996e-17
4927.52,2.600473e-17
4930.499,3.355075e-17
4933.478,2.993408e-17
4936.457,2.834814e-17
4939.438,3.1600729999999996e-17
4942.419,3.7978529999999996e-17
4945.4,2.2146079999999997e-17
4948.3820000000005,3.185295e-17
4951.365,2.998058e-17
4954.349,3.040397e-17
4957.333,3.988742e-17
4960.317,3.246145e-17
4963.303,2.779005e-17
4966.289000000001,2.801417e-17
4969.275,3.0034559999999997e-17
4972.263,3.055408e-17
4975.251,3.582579e-17
4978.2390000000005,2.7467659999999992e-17
4981.228,3.508839e-17
4984.218,3.438815e-17
4987.208,3.794943e-17
4990.1990000000005,2.6447070000000007e-17
4993.191,2.697337e-17
4996.183,2.852168e-17
4999.1759999999995,3.013843e-17
5002.169,3.399279000000001e-17
5005.163,2.2537070000000002e-17
5008.157999999999,3.0351129999999996e-17
5011.153,2.7742990000000006e-17
5014.149,3.451493e-17
5017.146,3.021357e-17
5020.143,2.6047489999999995e-17
5023.141,2.832832e-17
5026.139,2.4214760000000003e-17
5029.138,2.862587e-17
5032.137,3.078545e-17
5035.138,3.487866e-17
5038.138,2.547472e-17
5041.14,1.9000520000000002e-17
5044.142,3.028884e-17
5047.144,1.9828339999999997e-17
5050.147,3.467376e-17
5053.151,2.5313560000000002e-17
5056.155,3.342229e-17
5059.16,2.5810689999999997e-17
5062.166,2.0682729999999996e-17
5065.1720000000005,2.869992e-17
5068.178,3.0919050000000003e-17
5071.186,2.91508e-17
5074.194,2.398824e-17
5077.202,2.415746e-17
5080.210999999999,2.7204309999999998e-17
5083.221,1.6238629999999997e-17
5086.231,2.4542719999999998e-17
5089.242,2.1258209999999998e-17
5092.253,2.683625e-17
5095.265,1.932917e-17
5098.278,2.037695e-17
5101.291,3.855002e-17
5104.304,2.057765e-17
5107.319,1.6744679999999997e-17
5110.333,2.523419e-17
5113.349,2.3265429999999994e-17
5116.365,2.8706120000000004e-17
5119.380999999999,2.667927e-17
5122.398,2.5115500000000002e-17
5125.416,2.330651e-17
5128.434,2.731157e-17
5131.4529999999995,3.3672249999999996e-17
5134.473,2.66899e-17
5137.4929999999995,2.2857629999999998e-17
5140.513,2.99378e-17
5143.534000000001,1.8614360000000003e-17
5146.556,1.9155849999999998e-17
5149.5779999999995,1.567408e-17
5152.601,2.7401379999999997e-17
5155.624,3.1277209999999997e-17
5158.648,3.113745e-17
5161.673,1.8827729999999998e-17
5164.698,2.4501729999999997e-17
5167.723,2.378469e-17
5170.749,2.7564120000000002e-17
5173.776,2.157422e-17
5176.803,2.3666180000000002e-17
5179.831,2.7735190000000005e-17
5182.859,2.3664520000000002e-17
5185.888,2.4754890000000002e-17
5188.917,2.450717e-17
5191.947,2.5008979999999997e-17
5194.978,1.8722e-17
5198.009,2.8442859999999996e-17
5201.04,1.792171e-17
5204.073,2.7372490000000006e-17
5207.105,2.394901e-17
5210.138,2.187232e-17
5213.1720000000005,2.471228e-17
5216.207,2.5738510000000003e-17
5219.241,2.4453429999999997e-17
5222.277,2.3167739999999996e-17
5225.313,2.1881839999999996e-17
5228.349,2.0595940000000002e-17
5231.3859999999995,3.091879e-17
5234.424,2.3794570000000004e-17
5237.462,2.8139330000000003e-17
5240.5,2.838948e-17
5243.539000000001,2.6304460000000002e-17
5246.579000000001,2.509191e-17
5249.619000000001,2.624689e-17
5252.66,2.061994e-17
5255.701,2.2635520000000002e-17
5258.741999999999,2.3681499999999998e-17
5261.785,3.130427e-17
5264.826999999999,2.676861e-17
5267.871,2.3358539999999997e-17
5270.915,2.1846620000000002e-17
5273.959,2.3805140000000002e-17
5277.004,2.4145020000000002e-17
5280.049,2.25552e-17
5283.095,2.932465e-17
5286.141,2.806602e-17
5289.188,2.222366e-17
5292.236,2.881288e-17
5295.284000000001,2.824831e-17
5298.331999999999,2.441892e-17
5301.380999999999,3.0032779999999997e-17
5304.43,3.2147320000000004e-17
5307.48,2.116694e-17
5310.531,2.6587240000000002e-17
5313.581999999999,1.993499e-17
5316.633000000001,2.702699e-17
5319.685,2.888369e-17
5322.738,2.2867240000000003e-17
5325.791,2.8768e-17
5328.844,2.29694e-17
5331.898,2.2900929999999996e-17
5334.953,2.852707e-17
5338.008000000001,2.244824e-17
5341.063,2.7085640000000005e-17
5344.119000000001,2.419546e-17
5347.1759999999995,2.4841100000000003e-17
5350.233,2.30592e-17
5353.29,2.7541509999999996e-17
5356.348000000001,2.0339960000000002e-17
5359.406,2.6590690000000006e-17
5362.465,1.6971249999999998e-17
5365.525,1.9308039999999998e-17
5368.585,2.913064e-17
5371.645,2.093042e-17
5374.706,1.905e-17
5377.767,2.4618860000000002e-17
5380.829000000001,2.8217190000000006e-17
5383.892,2.442081e-17
5386.954000000001,2.217288e-17
5390.018,2.8132690000000003e-17
5393.081999999999,2.192435e-17
5396.146,2.5002350000000002e-17
5399.210999999999,2.2793539999999997e-17
5402.276,1.816762e-17
5405.342,2.245299e-17
5408.408,2.783261e-17
5411.474,2.4921469999999997e-17
5414.5419999999995,2.5556139999999998e-17
5417.609,2.4097099999999998e-17
5420.677,2.070446e-17
5423.746,2.253639e-17
5426.815,2.966925e-17
5429.884,2.888878e-17
5432.954000000001,2.6900559999999995e-17
5436.025,2.905956e-17
5439.096,2.601578e-17
5442.1669999999995,2.6690879999999995e-17
5445.2390000000005,2.5511350000000004e-17
5448.311,2.4331630000000002e-17
5451.384,2.315172e-17
5454.456999999999,2.1971620000000004e-17
5457.531,2.079134e-17
5460.605,1.9610870000000003e-17
5463.68,2.6517090000000004e-17
5466.755,2.277216e-17
5469.83,3.155135e-17
5472.906,1.6113169999999998e-17
5475.983,1.304243e-17
5479.06,2.490949e-17
5482.137,1.982512e-17
5485.215,1.907897e-17
5488.293000000001,2.5303619999999998e-17
5491.371999999999,2.0920999999999998e-17
5494.451,1.767508e-17
5497.531,2.095163e-17
5500.611,2.8309650000000006e-17
5503.691,1.9866739999999998e-17
5506.772,2.981029000000001e-17
5509.853,1.812501e-17
5512.935,2.358761e-17
5516.018,2.37361e-17
5519.1,2.870629e-17
5522.184,2.4736390000000002e-17
5525.267,1.75098e-17
5528.351,1.841999e-17
5531.436,1.709527e-17
5534.521,2.3156360000000002e-17
5537.606,2.6876259999999997e-17
5540.691999999999,2.1061689999999998e-17
5543.778,1.994226e-17
5546.865,1.707235e-17
5549.951999999999,2.4639070000000002e-17
5553.04,2.5732929999999997e-17
5556.128000000001,2.4585029999999997e-17
5559.215999999999,2.5125839999999998e-17
5562.305,2.4393e-17
5565.394,2.366027e-17
5568.484,2.29273e-17
5571.5740000000005,2.219423e-17
5574.665,2.146103e-17
5577.755999999999,2.072784e-17
5580.847,1.999453e-17
5583.939,1.9261099999999997e-17
5587.031999999999,1.9222160000000003e-17
5590.124,2.0209660000000002e-17
5593.217,2.042967e-17
5596.311,2.4404110000000002e-17
5599.405,2.098007e-17
5602.499,2.0172e-17
5605.594,2.5905600000000002e-17
5608.69,2.4617139999999997e-17
5611.785,2.0363789999999998e-17
5614.880999999999,2.1245100000000004e-17
5617.978,1.5588289999999998e-17
5621.075,2.0715619999999997e-17
5624.172,2.203774e-17
5627.27,1.986272e-17
5630.368,2.0578330000000002e-17
5633.467,2.3488539999999998e-17
5636.566,2.6242919999999997e-17
5639.665,2.6407459999999992e-17
5642.765,3.006621e-17
5645.865,2.7349029999999996e-17
5648.965999999999,1.956587e-17
5652.066999999999,2.45319e-17
5655.168000000001,2.0166199999999997e-17
5658.27,2.352259e-17
5661.371999999999,2.126492e-17
5664.475,2.5347670000000005e-17
5667.578,1.9414179999999997e-17
5670.682,2.327982e-17
5673.786,2.5795589999999997e-17
5676.89,2.4793969999999998e-17
5679.995,2.2708330000000002e-17
5683.1,1.981234e-17
5686.205,2.187361e-17
5689.311,2.127895e-17
5692.4169999999995,2.4250100000000003e-17
5695.524,1.3593359999999998e-17
5698.630999999999,2.2879040000000002e-17
5701.7390000000005,1.778509e-17
5704.847,1.62385e-17
5707.955,1.594714e-17
5711.064,1.872782e-17
5714.173000000001,2.0693890000000002e-17
5717.281999999999,1.52655e-17
5720.392,2.2931039999999998e-17
5723.5019999999995,1.931194e-17
5726.613,2.3678600000000003e-17
5729.724,1.8371800000000003e-17
5732.835,2.4941509999999998e-17
5735.946999999999,1.604911e-17
5739.059,2.336792e-17
5742.172,2.4560000000000002e-17
5745.285,2.0285810000000002e-17
5748.398,2.1412960000000003e-17
5751.512,1.811188e-17
5754.626,2.001937e-17
5757.74,2.140591e-17
5760.855,1.931118e-17
5763.97,1.778938e-17
5767.085999999999,1.7304360000000003e-17
5770.201999999999,1.44943e-17
5773.318,1.599767e-17
5776.435,2.536749e-17
5779.552,1.9557850000000003e-17
5782.67,1.98015e-17
5785.7880000000005,1.9347060000000002e-17
5788.906,2.4334620000000002e-17
5792.025,1.985941e-17
5795.144,1.8346479999999998e-17
5798.263000000001,2.2429679999999998e-17
5801.383000000001,1.779226e-17
5804.503000000001,1.8612899999999997e-17
5807.6230000000005,2.2151060000000003e-17
5810.744000000001,2.237136e-17
5813.866,1.6827239999999998e-17
5816.986999999999,2.061973e-17
5820.109,1.7961820000000002e-17
5823.231,1.8610829999999997e-17
5826.354,1.581099e-17
5829.477,2.318893e-17
5832.601,1.986078e-17
5835.725,1.9676960000000002e-17
5838.849,2.704011e-17
5841.973000000001,1.3599970000000001e-17
5845.098000000001,2.7859420000000004e-17
5848.223000000001,2.207303e-17
5851.349,1.802565e-17
5854.475,2.476674e-17
5857.601,1.9808879999999997e-17
5860.728,2.4013449999999996e-17
5863.855,1.595019e-17
5866.982,1.831488e-17
5870.11,2.2755050000000003e-17
5873.238,2.4250529999999997e-17
5876.366999999999,2.0723949999999998e-17
5879.496,2.6489840000000004e-17
5882.625,2.6015879999999998e-17
5885.754,2.4647889999999998e-17
5888.884,3.345527e-17
5892.014,3.5644380000000005e-17
5895.145,3.087547e-17
5898.276,1.975013e-17
5901.406999999999,1.4320389999999998e-17
5904.539000000001,2.1427789999999998e-17
5907.670999999999,1.7857509999999997e-17
5910.803000000001,3.0859709999999994e-17
5913.936,2.7094889999999998e-17
5917.069,2.097083e-17
5920.201999999999,2.296975e-17
5923.335999999999,1.7164770000000002e-17
5926.47,1.3526329999999998e-17
5929.605,4.1389429999999994e-18
5932.7390000000005,1.876585e-17
5935.874,2.0598470000000003e-17
5939.01,2.044027e-17
5942.146,1.3837349999999998e-17
5945.281999999999,1.8527220000000004e-17
5948.418000000001,1.9753629999999997e-17
5951.555,1.022025e-17
5954.691999999999,1.491229e-17
5957.83,1.7565929999999998e-17
5960.967,2.1952870000000002e-17
5964.106,2.4286479999999995e-17
5967.244000000001,2.2096729999999998e-17
5970.383000000001,1.950855e-17
5973.522,2.292021e-17
5976.661,2.155717e-17
5979.8009999999995,1.61615e-17
5982.941,1.6894999999999998e-17
5986.081999999999,1.450727e-17
5989.223000000001,1.632013e-17
5992.3640000000005,1.8409579999999998e-17
5995.505,1.696704e-17
5998.647,2.496766e-17
6001.789000000001,2.2645229999999998e-17
6004.932,2.180881e-17
6008.075,2.175407e-17
6011.218000000001,2.2364879999999998e-17
6014.361,2.2737710000000003e-17
6017.505,1.906799e-17
6020.649,2.3530219999999998e-17
6023.793000000001,1.7498459999999998e-17
6026.938,1.901351e-17
6030.0830000000005,1.5994460000000003e-17
6033.229,2.4823040000000003e-17
6036.374,2.5864940000000004e-17
6039.52,1.748285e-17
6042.6669999999995,1.938069e-17
6045.813,2.5125189999999998e-17
6048.96,2.356904e-17
6052.108,2.0079270000000003e-17
6055.255,1.428576e-17
6058.403,2.605383e-17
6061.552,2.393399e-17
6064.7,2.6537790000000006e-17
6067.849,1.7404200000000002e-17
6070.9980000000005,1.784985e-17
6074.148,2.0508670000000002e-17
6077.298000000001,2.294469e-17
6080.448,1.916738e-17
6083.598000000001,2.2151239999999996e-17
6086.749,2.2867849999999998e-17
6089.9,2.412268e-17
6093.052,1.9265950000000002e-17
6096.203,2.015672e-17
6099.355,2.062803e-17
6102.508000000001,2.0989639999999997e-17
6105.66,1.6270620000000003e-17
6108.813,2.7396570000000003e-17
6111.965999999999,2.06281e-17
6115.12,2.4879580000000002e-17
6118.274,1.9524120000000002e-17
6121.428000000001,1.4492360000000003e-17
6124.5830000000005,1.738598e-17
6127.736999999999,1.508842e-17
6130.893,1.9660940000000002e-17
6134.048000000001,1.6524560000000003e-17
6137.204000000001,1.411775e-17
6140.36,1.886457e-17
6143.516,9.086086e-18
6146.673000000001,2.0995149999999997e-17
6149.829000000001,2.7555859999999998e-17
6152.986999999999,1.340652e-17
6156.144,2.038532e-17
6159.302,1.980836e-17
6162.46,1.469007e-17
6165.619000000001,1.5664829999999998e-17
6168.776999999999,2.049355e-17
6171.936,1.760951e-17
6175.096,1.588758e-17
6178.255,1.693297e-17
6181.415,1.783725e-17
6184.575,2.1092769999999998e-17
6187.736,1.811495e-17
6190.897,1.760576e-17
6194.058000000001,1.611678e-17
6197.219,1.191143e-17
6200.380999999999,1.44317e-17
6203.543000000001,2.385664e-17
6206.705,9.129492e-18
6209.868,1.746382e-17
6213.03,2.1376520000000003e-17
6216.193,2.3780270000000002e-17
6219.357,1.804203e-17
6222.521,1.997619e-17
6225.685,1.4886089999999998e-17
6228.849,1.3383670000000003e-17
6232.013000000001,2.1343710000000003e-17
6235.178000000001,1.2635850000000002e-17
6238.343000000001,1.211862e-17
6241.509,2.0670349999999997e-17
6244.675,1.8467750000000003e-17
6247.840999999999,1.836807e-17
6251.007,1.826839e-17
6254.173000000001,1.8168720000000004e-17
6257.34,1.8069010000000003e-17
6260.507,1.7969300000000002e-17
6263.675,1.786956e-17
6266.843000000001,1.776983e-17
6270.0109999999995,1.890172e-17
6273.179,1.1987309999999999e-17
6276.347,1.844143e-17
6279.516,1.372245e-17
6282.685,1.5537079999999998e-17
6285.855,1.9001120000000002e-17
6289.024,2.3751729999999997e-17
6292.194,1.4878849999999998e-17
6295.3640000000005,2.062656e-17
6298.535,1.961231e-17
6301.706,1.8484100000000002e-17
6304.8769999999995,1.278271e-17
6308.048000000001,2.4402670000000003e-17
6311.22,1.4324839999999998e-17
6314.392,1.594344e-17
6317.564,1.8460209999999998e-17
6320.736,1.649515e-17
6323.909000000001,1.7327439999999998e-17
6327.081999999999,1.759068e-17
6330.255,2.297249e-17
6333.429,1.9866679999999997e-17
6336.602,1.399334e-17
6339.776,1.682701e-17
6342.951,1.6698279999999997e-17
6346.125,1.393531e-17
6349.3,1.714182e-17
6352.475,9.869577e-18
6355.651,1.63441e-17
6358.826999999999,1.713821e-17
6362.0019999999995,1.809991e-17
6365.179,1.992835e-17
6368.355,1.810872e-17
6371.531999999999,2.714198e-17
6374.709,1.364088e-17
6377.8859999999995,1.369773e-17
6381.064,1.635287e-17
6384.241999999999,1.423405e-17
6387.42,1.662461e-17
6390.598000000001,1.685451e-17
6393.776999999999,1.37749e-17
6396.955,2.0841729999999997e-17
6400.135,1.395815e-17
6403.314,1.463684e-17
6406.494000000001,6.590622e-18
6409.674,1.4290279999999996e-17
6412.854,1.696876e-17
6416.034000000001,1.151265e-17
6419.215,9.900613e-18
6422.396,1.546228e-17
6425.576999999999,1.5603399999999998e-17
6428.759,1.746273e-17
6431.94,1.9930459999999998e-17
6435.121999999999,1.761494e-17
6438.305,1.781237e-17
6441.486999999999,1.2851949999999999e-17
6444.67,1.430991e-17
6447.853,1.612815e-17
6451.036,1.377197e-17
6454.22,1.72741e-17
6457.403,1.929775e-17
6460.588000000001,1.7481250000000002e-17
6463.772,1.6634870000000003e-17
6466.956,1.3289779999999999e-17
6470.141,1.3324670000000002e-17
6473.326,1.096619e-17
6476.512,1.2794130000000001e-17
6479.696999999999,8.944253000000001e-18
6482.883000000001,1.447703e-17
6486.069,9.931597e-18
6489.255,1.518632e-17
6492.441999999999,1.0784760000000001e-17
6495.629,1.6814179999999998e-17
6498.816,1.0906169999999999e-17
6502.003000000001,1.453537e-17
6505.191,1.3278679999999998e-17
6508.379,1.9769620000000003e-17
6511.566999999999,1.2548290000000002e-17
6514.755,9.503001e-18
6517.944,1.772676e-17
6521.133000000001,1.946918e-17
6524.321999999999,1.645764e-17
6527.5109999999995,1.8142979999999997e-17
6530.701,1.9080559999999998e-17
6533.89,1.401277e-17
6537.08,1.476427e-17
6540.271,1.810725e-17
6543.460999999999,9.987414e-18
6546.651999999999,1.7035829999999998e-17
6549.843000000001,1.370305e-17
6553.034000000001,1.4450710000000004e-17
6556.226,1.7162349999999997e-17
6559.418000000001,1.690231e-17
6562.61,1.0804160000000001e-17
6565.802,1.326359e-17
6568.995,2.1620370000000002e-17
6572.187,1.45971e-17
6575.38,1.3272529999999999e-17
6578.5740000000005,1.5080860000000002e-17
6581.767,1.6985479999999997e-17
6584.960999999999,1.416965e-17
6588.155,1.655739e-17
6591.349,1.4076889999999998e-17
6594.543000000001,1.1260869999999999e-17
6597.738,8.750078999999999e-18
6600.933000000001,1.463681e-17
6604.128000000001,1.458746e-17
6607.323,8.524764e-18
6610.519,2.6092759999999998e-17
6613.715,1.539141e-17
6616.911,1.0849140000000001e-17
6620.107,1.388475e-17
6623.304,1.462923e-17
6626.501,1.237111e-17
6629.698,1.2331120000000002e-17
6632.895,8.871175000000001e-18
6636.093000000001,1.117203e-17
6639.29,7.928796000000001e-18
6642.4890000000005,1.1097690000000001e-17
6645.687,1.98614e-17
6648.885,1.851977e-17
6652.084,1.463595e-17
6655.283,1.437119e-17
6658.482,1.922138e-17
6661.681,1.2259110000000001e-17
6664.880999999999,1.6295539999999997e-17
6668.081,1.8459479999999997e-17
6671.281,9.662727999999999e-18
6674.481,1.591092e-17
6677.682,1.713274e-17
6680.883000000001,1.12857e-17
6684.084,1.904856e-17
6687.285,1.236171e-17
6690.486999999999,1.1654280000000002e-17
6693.688,1.0753250000000001e-17
6696.89,1.4730560000000002e-17
6700.093000000001,1.214397e-17
6703.295,1.6623279999999997e-17
6706.4980000000005,1.2079780000000002e-17
6709.7,3.1694550000000004e-18
6712.904,8.186501e-18
6716.107,9.204508e-18
6719.31,1.0604949999999998e-17
6722.514,1.2357550000000001e-17
6725.718000000001,1.8686529999999998e-17
6728.923000000001,1.0523810000000002e-17
6732.1269999999995,1.9600050000000002e-18
6735.331999999999,1.600844e-17
6738.536999999999,1.08127e-17
6741.741999999999,1.326193e-17
6744.946999999999,1.291806e-17
6748.153,1.2934600000000002e-17
6751.359,1.295114e-17
6754.565,1.2967680000000001e-17
6757.771,1.2984219999999999e-17
6760.978,1.300077e-17
6764.184,1.2382339999999998e-17
6767.391,1.0042719999999999e-17
6770.598000000001,8.44842e-18
6773.806,1.2884999999999999e-17
6777.014,9.502973e-18
6780.221,1.3422920000000002e-17
6783.429,1.264101e-17
6786.638000000001,1.1029059999999999e-17
6789.846,7.99466e-18
6793.055,1.4847929999999997e-17
6796.264,1.3873949999999999e-17
6799.473000000001,1.552608e-17
6802.683000000001,1.48298e-17
6805.892,1.28697e-17
6809.102,1.2298119999999999e-17
6812.312,1.3581670000000001e-17
6815.523,1.7290479999999996e-17
6818.733,1.2458410000000001e-17
6821.944,9.779868e-18
6825.155,2.025787e-17
6828.366,7.846409e-18
6831.576999999999,1.542171e-17
6834.789000000001,1.4654020000000002e-17
6838.001,1.210375e-17
6841.213000000001,1.671369e-17
6844.425,1.725236e-17
6847.638000000001,2.060469e-17
6850.851,1.6343559999999998e-17
6854.064,1.172531e-17
6857.276999999999,1.454715e-17
6860.49,1.585478e-17
6863.704000000001,1.6082839999999998e-17
6866.918000000001,1.4427499999999998e-17
6870.132,1.86666e-17
6873.346,1.471546e-17
6876.56,1.420884e-17
6879.775,1.2129810000000001e-17
6882.99,1.0093049999999999e-17
6886.205,5.643618e-18
6889.42,6.1832140000000004e-18
6892.6359999999995,1.091201e-17
6895.852,9.026364e-18
6899.068,1.5033020000000003e-17
6902.284000000001,1.2719900000000001e-17
6905.5,2.581828e-18
6908.717,8.98183e-18
6911.934,1.2429870000000001e-17
6915.151,1.4505379999999997e-17
6918.368,1.0608569999999998e-17
6921.585999999999,7.461474e-18
6924.803000000001,9.916126e-18
6928.021,1.59132e-17
6931.24,1.9182460000000002e-17
6934.4580000000005,9.118008e-18
6937.6759999999995,1.582623e-17
6940.895,1.05705e-17
6944.1140000000005,7.568276999999999e-18
6947.334,1.901861e-17
6950.553000000001,1.779064e-17
6953.773,1.8925559999999998e-17
6956.991999999999,1.1868959999999999e-17
6960.213000000001,1.001655e-17
6963.433000000001,9.678184e-18
6966.653,3.389279e-18
6969.874,1.384226e-17
6973.095,7.584771e-18
6976.316,1.4482339999999998e-17
6979.536999999999,1.024643e-17
6982.759,1.188665e-17
6985.981,9.437324e-18
6989.203,1.5808270000000002e-17
6992.425,2.0957880000000002e-17
6995.647,5.789847e-18
6998.87,1.2642809999999998e-17
7002.093000000001,8.754004e-18
7005.316,1.1947149999999999e-17
7008.539000000001,1.3706770000000001e-17
7011.763000000001,1.5814289999999996e-17
7014.986,1.615823e-17
7018.21,1.307867e-17
7021.434,1.2817970000000001e-17
7024.659000000001,1.3857170000000001e-17
7027.883000000001,9.556779999999999e-18
7031.108,1.6000710000000003e-17
7034.3330000000005,1.492332e-17
7037.558000000001,1.0035230000000001e-17
7040.783,1.6014189999999998e-17
7044.009,1.8659449999999998e-17
7047.235,1.784593e-17
7050.460999999999,7.613941e-18
7053.687,1.6875410000000003e-17
7056.9130000000005,1.205007e-17
7060.14,9.254999999999999e-18
7063.366999999999,5.635043e-18
7066.594,7.187870000000001e-18
7069.821,1.369901e-17
7073.048000000001,1.650886e-17
7076.276,1.8623679999999998e-17
7079.504,1.0196219999999999e-17
7082.732,9.892065e-18
7085.96,9.465888e-18
7089.189,6.752126e-18
7092.418000000001,1.8940090000000002e-17
7095.646,2.0174610000000002e-17
7098.876,6.292235e-18
7102.105,6.328179e-18
7105.334,1.29695e-17
7108.564,5.170917e-18
7111.794,1.812203e-17
7115.024,1.3014780000000002e-17
7118.255,2.349996e-17
7121.485,9.115644000000001e-18
7124.715999999999,1.3718770000000002e-17
7127.946999999999,5.788428e-18
7131.178000000001,9.683354e-18
7134.41,1.9525710000000002e-17
7137.641,1.5966129999999998e-17
7140.8730000000005,1.233538e-17
7144.105,1.859116e-17
7147.3369999999995,6.07904e-18
7150.57,1.23328e-17
7153.803000000001,1.240604e-17
7157.035,-8.154182000000001e-20
7160.268,8.612649e-18
7163.5019999999995,1.050527e-17
7166.735,1.9026319999999998e-17
7169.969,1.602654e-17
7173.203,8.37354e-18
7176.437,1.372764e-17
7179.670999999999,9.895808e-18
7182.906,1.1817609999999999e-17
7186.14,7.039745e-18
7189.375,1.7343629999999998e-17
7192.611,1.026411e-17
7195.846,1.572841e-17
7199.081,1.654418e-17
7202.316999999999,1.811995e-17
7205.553000000001,1.147402e-17
7208.789000000001,1.206422e-17
7212.026,1.4132679999999996e-17
7215.262,1.035146e-17
7218.499,9.388294e-18
7221.736,1.0226060000000001e-17
7224.973000000001,1.292632e-17
7228.210999999999,7.567118000000001e-18
7231.448,1.700479e-17
7234.686,5.24052e-18
7237.924,9.43988e-18
7241.161999999999,8.738329e-18
7244.401,4.79265e-18
7247.64,5.745053e-18
7250.878000000001,6.139135e-18
7254.116999999999,1.025979e-17
7257.357,8.248154e-18
7260.596,1.1841930000000001e-17
7263.835999999999,1.600509e-17
7267.076,9.378829e-18
7270.316,7.63536e-18
7273.556,1.026546e-17
7276.797,1.1855889999999999e-17
7280.036999999999,2.145942e-17
7283.278,1.86775e-17
7286.519,1.374204e-17
7289.7609999999995,8.864767e-18
7293.0019999999995,4.85128e-18
7296.244000000001,7.319778e-18
7299.486,1.423684e-17
7302.728,2.381766e-18
7305.971,8.893466e-18
7309.213000000001,1.639217e-17
7312.456,6.1898920000000005e-18
7315.6990000000005,2.872553e-17
7318.941999999999,-1.1149849999999998e-18
7322.186,1.294914e-17
7325.429,9.704688e-18
7328.673000000001,7.311241e-18
7331.9169999999995,3.288802e-17
7335.161,2.423031e-19
7338.406,1.0255239999999998e-17
7341.65,7.274241e-18
7344.895,6.722414999999999e-18
7348.14,2.270717e-17
7351.385,9.431443000000001e-18
7354.630999999999,3.2792229999999998e-18
7357.8769999999995,5.551423e-18
7361.121999999999,1.3898150000000002e-17
7364.369000000001,9.332565e-18
7367.615,8.262136000000001e-18
7370.861,7.364307e-18
7374.108,1.665815e-18
7377.355,3.140743e-18
7380.602,6.194454e-18
7383.849,8.983048e-18
7387.097,1.343838e-17
7390.345,7.242075000000001e-18
7393.593000000001,1.663815e-17
7396.840999999999,2.183217e-17
7400.089,1.450791e-17
7403.338000000001,2.206873e-19
7406.5869999999995,1.2260050000000001e-17
7409.835999999999,1.150587e-17
7413.085,1.229891e-17
7416.334,1.2142349999999999e-17
7419.584,1.137827e-17
7422.834,1.338039e-17
7426.084,1.8013800000000002e-17
7429.334,7.416074e-18
7432.584,5.677093e-18
7435.835,1.6726189999999998e-17
7439.085999999999,1.4346439999999998e-17
7442.3369999999995,1.1966680000000002e-17
7445.588000000001,9.586922000000001e-18
7448.84,1.621423e-17
7452.092,1.368144e-17
7455.344,1.771831e-17
7458.596,1.038231e-17
7461.848000000001,1.274111e-17
7465.101,1.06368e-17
7468.353,1.2559189999999997e-17
7471.606,8.780042e-18
7474.859,1.1324710000000001e-17
7478.113,9.09648e-18
7481.366,7.075339e-18
7484.62,4.45459e-18
7487.874,8.876174000000001e-18
7491.129,1.273319e-17
7494.383000000001,1.663677e-17
7497.638000000001,1.17299e-17
7500.892,1.016559e-17
7504.148,8.993179e-18
7507.403,1.233881e-17
7510.658,7.401600999999999e-18
7513.914000000001,1.6474660000000002e-17
7517.17,7.402974000000001e-19
7520.4259999999995,1.7814270000000002e-17
7523.682,2.1568070000000004e-17
7526.939,3.2824939999999995e-18
7530.196,6.058404e-18
7533.453,3.827871e-18
7536.71,2.299374e-18
7539.967,8.196057e-18
7543.225,8.832713e-18
7546.483,1.113066e-17
7549.741,9.956587e-18
7552.999,1.1027960000000001e-17
7556.258000000001,1.1088640000000002e-17
7559.516,1.114931e-17
7562.775,1.120998e-17
7566.034000000001,1.127067e-17
7569.294,1.133136e-17
7572.553000000001,6.942606e-18
7575.813,1.2265450000000001e-17
7579.073,2.2356620000000003e-17
7582.3330000000005,6.731834e-18
7585.593000000001,8.414399000000001e-18
7588.854,1.224108e-18
7592.115,3.7132239999999995e-18
7595.376,3.105073e-18
7598.637,1.2020919999999998e-17
7601.899,1.264187e-17
7605.16,7.395855e-18
7608.422,2.870592e-18
7611.684,1.1297819999999998e-17
7614.946999999999,8.812241e-18
7618.209,1.1163699999999999e-17
7621.472,4.4770530000000005e-18
7624.735,1.598684e-18
7627.9980000000005,1.2934189999999999e-17
7631.2609999999995,2.9658099999999998e-18
7634.525,2.221121e-18
7637.789000000001,8.213297999999999e-18
7641.053000000001,7.971008000000001e-18
7644.316999999999,1.1091400000000001e-17
7647.581999999999,1.6266270000000003e-17
7650.846,7.352209e-18
7654.111,1.0966889999999999e-17
7657.3769999999995,1.283802e-17
7660.642,-1.174779e-18
7663.906999999999,2.8661599999999997e-18
7667.173000000001,1.005214e-17
7670.439,7.418129e-18
7673.706,3.634621e-18
7676.972,1.333957e-17
7680.2390000000005,4.595523e-18
7683.505999999999,4.1653919999999995e-18
7686.773,1.661433e-17
7690.04,1.3447279999999998e-17
7693.308000000001,1.5102360000000002e-17
7696.575,1.5670279999999996e-17
7699.843000000001,5.865437e-18
7703.111999999999,2.077692e-17
7706.38,2.1443890000000002e-17
7709.649,1.9775979999999998e-17
7712.918000000001,1.71674e-17
7716.187,1.9229970000000002e-17
7719.456,1.67073e-17
7722.726,7.767645e-18
7725.995,1.421922e-18
7729.265,1.437334e-18
7732.536,2.975893e-18
7735.806,2.78915e-18
7739.076999999999,7.831735e-18
7742.348000000001,1.5328339999999998e-17
7745.619000000001,8.618525000000001e-18
7748.89,1.1635899999999998e-17
7752.161999999999,1.809402e-17
7755.434,7.367397000000001e-18
7758.706,6.360346999999999e-18
7761.978,1.544444e-17
7765.25,3.7131730000000005e-18
7768.523,7.79059e-18
7771.795999999999,8.13678e-18
7775.069,7.160202e-18
7778.342,1.132989e-17
7781.616,1.2536059999999999e-17
7784.89,1.431537e-17
7788.164000000001,5.540841e-18
7791.438,1.041147e-17
7794.713000000001,4.348573e-18
7797.986999999999,1.393733e-17
7801.262,1.156249e-17
7804.5380000000005,8.573640000000001e-18
7807.813,1.2811949999999999e-17
7811.089,7.796532e-18
7814.365,3.9629320000000005e-18
7817.641,1.0789089999999998e-17
7820.9169999999995,1.447333e-17
7824.194,8.362673e-18
7827.47,1.7504270000000002e-17
7830.746999999999,6.874706e-18
7834.025,1.203309e-17
7837.302,1.310538e-18
7840.58,1.274681e-17
7843.858,1.2015330000000002e-17
7847.1359999999995,3.424092e-18
7850.415,5.121110999999999e-19
7853.693,7.031867e-18
7856.972,2.146415e-17
7860.251,1.432994e-17
7863.531,3.176142e-18
7866.81,8.854021e-18
7870.09,8.880633999999999e-18
7873.37,1.685624e-17
7876.65,9.821084e-18
7879.931,5.9717489999999995e-18
7883.2119999999995,4.018745e-18
7886.493,1.295739e-19
7889.774,-4.5757259999999995e-19
7893.055,2.1735489999999998e-17
7896.3369999999995,1.295637e-17
7899.619000000001,1.1362249999999998e-17
7902.901,1.484181e-17
7906.184,1.486354e-17
7909.465999999999,1.652636e-17
7912.749,-1.183151e-18
7916.031999999999,8.751621e-18
7919.316,-4.677284000000001e-18
7922.599,1.469211e-17
7925.883000000001,9.087031e-18
7929.1669999999995,1.1829970000000001e-18
7932.451999999999,1.0777529999999999e-17
7935.736,4.825809e-18
7939.021,1.5773420000000002e-17
7942.306,1.481348e-17
7945.590999999999,1.815635e-18
7948.8769999999995,-9.265392e-19
7952.1630000000005,1.317649e-17
7955.4490000000005,1.3030919999999998e-17
7958.735,1.2669339999999998e-17
7962.022,6.4854549999999995e-18
7965.308000000001,9.566331e-18
7968.595,-3.6370279999999994e-18
7971.882,-3.358265e-18
7975.17,6.972779e-18
7978.4580000000005,6.295845999999999e-18
7981.746,7.681997999999999e-18
7985.034000000001,9.06815e-18
7988.321999999999,1.04541e-17
7991.611,1.184066e-17
7994.9,1.322723e-17
7998.189,1.461379e-17
8001.479,1.600076e-17
8004.768,1.738733e-17
8008.058000000001,1.7766879999999998e-17
8011.349,9.946432e-18
8014.639,1.6327149999999997e-17
8017.93,1.1172930000000002e-17
8021.221,9.638919e-18
8024.512,2.079865e-17
8027.803000000001,4.8435159999999996e-18
8031.095,6.78249e-20
8034.387,8.781526e-18
8037.679,6.865456e-18
8040.972,1.0557930000000002e-17
8044.264,4.188558e-18
8047.557,9.813437999999999e-18
8050.85,4.3627350000000005e-18
8054.144,1.5247270000000003e-17
8057.438,7.84528e-18
8060.732,1.656771e-17
8064.026,1.0509669999999998e-17
8067.32,1.223659e-18
8070.615,1.3488620000000002e-17
8073.91,1.110892e-17
8077.205,-3.923031e-18
8080.501,1.1295119999999999e-17
8083.797,3.892302e-18
8087.093000000001,1.832444e-17
8090.389,8.223900000000001e-18
8093.685,1.9264770000000002e-17
8096.982,9.751316e-18
8100.279,1.7221320000000002e-17
8103.576999999999,9.258236e-18
8106.874,6.216912e-19
8110.172,-6.583499999999999e-19
8113.47,4.4444150000000004e-18
8116.768,8.774856000000001e-18
8120.066999999999,1.226829e-17
8123.366,9.026545e-18
8126.665,1.3853529999999997e-17
8129.964,7.558409e-19
8133.264,6.657056999999999e-18
8136.564,6.7715220000000006e-18
8139.8640000000005,1.5147560000000002e-17
8143.165,4.16835e-18
8146.465,6.1314550000000005e-18
8149.766,-1.739241e-18
8153.068,3.4350569999999997e-18
8156.369000000001,1.5764050000000002e-18
8159.670999999999,1.407345e-17
8162.973000000001,9.221047e-18
8166.275,8.646462000000001e-18
8169.578,5.910136e-18
8172.880999999999,1.3284000000000001e-17
8176.184,5.47792e-18
8179.486999999999,1.439741e-18
8182.791,8.148314e-18
8186.095,1.354605e-17
8189.399,1.7851879999999997e-17
8192.703000000001,1.8979760000000002e-17
8196.008,1.2713419999999997e-17
8199.313,1.290934e-17
8202.618,3.486514e-18
8205.924,1.203924e-18
8209.23,1.4983239999999998e-17
8212.536,1.884632e-17
8215.841999999999,9.174646e-18
8219.149,1.160018e-17
8222.456,4.029169e-18
8225.763,5.912381e-18
8229.071,8.45407e-18
8232.378,2.3760909999999998e-18
8235.686,9.001009e-18
8238.995,7.095167e-18
8242.303,8.225837e-18
8245.612,6.400754e-18
8248.921,-1.9611199999999998e-19
8252.231,1.2170789999999999e-17
8255.54,7.544634e-18
8258.85,3.64204e-18
8262.161,1.773963e-17
8265.471,1.2244400000000001e-17
8268.782,1.0958519999999999e-17
8272.093,6.672514e-18
8275.404,1.3820560000000001e-17
8278.716,9.127697999999999e-18
8282.028,2.0822759999999998e-17
8285.34,1.546682e-17
8288.653,2.320864e-17
8291.966,5.3059919999999994e-18
8295.279,5.452964e-18
8298.591999999999,2.117973e-17
8301.905999999999,4.580932e-18
8305.22,2.60641e-18
8308.534,5.2700820000000005e-18
8311.849,1.149365e-17
8315.163,1.34741e-17
8318.479,5.41707e-18
8321.794,6.761219000000001e-18
8325.11,8.686656e-18
8328.426,1.234679e-17
8331.742,1.418793e-17
8335.058,2.050199e-17
8338.375,2.7748920000000004e-17
8341.692,1.4764029999999997e-17
8345.01,1.550918e-17
8348.328000000001,4.4162630000000005e-18
8351.646,-4.965040000000001e-19
8354.964,1.8439139999999999e-19
8358.283000000001,5.374982e-18
8361.601,5.618692e-18
8364.921,1.763953e-17
8368.24,1.902473e-17
8371.56,1.560023e-17
8374.88,1.389042e-17
8378.201,1.795331e-17
8381.521,2.453311e-18
8384.841999999999,4.952936e-18
8388.164,8.136979e-18
8391.485,1.734715e-17
8394.806999999999,4.46088e-18
8398.129,2.0549109999999998e-18
8401.452,1.737604e-17
8404.775,1.64493e-17
8408.098,2.2928850000000004e-17
8411.421,1.111156e-17
8414.745,1.816981e-17
8418.069,1.08446e-17
8421.393,1.714145e-17
8424.718,1.966888e-17
8428.043,1.881261e-17
8431.368,2.592493e-17
8434.694,1.1077750000000001e-17
8438.019,2.327322e-17
8441.346,3.2103749999999998e-21
8444.671999999999,1.25195e-18
8447.999,1.03066e-17
8451.326,4.246187e-18
8454.653,-6.896994e-19
8457.981,1.13376e-17
8461.309000000001,1.756031e-17
8464.638,2.0286700000000002e-18
8467.966,5.156423e-18
8471.295,-1.452763e-18
8474.625,2.101818e-17
8477.954,2.0531149999999997e-17
8481.284,1.235213e-17
8484.614,5.83451e-18
8487.945,-3.484742e-18
8491.276,6.0362409999999995e-18
8494.607,-6.608615999999999e-19
8497.939,7.744521999999999e-18
8501.27,2.10226e-18
8504.603000000001,1.6631629999999998e-17
8507.935,1.88363e-17
8511.268,1.206964e-17
8514.601,-4.4900780000000004e-18
8517.934000000001,1.0241780000000001e-17
8521.268,1.561479e-17
8524.601999999999,9.422325e-18
8527.937,-2.9130679999999998e-18
8531.271,4.073619e-18
8534.607,7.665289e-18
8537.942,2.40105e-18
8541.278,4.930583e-18
8544.614,1.596009e-18
8547.95,5.991974e-18
8551.287,1.7138299999999998e-17
8554.624,6.776595000000001e-18
8557.961,1.1182470000000001e-17
8561.299,4.61261e-18
8564.636999999999,8.819487e-18
8567.975,1.2806610000000002e-17
8571.314,-6.898912e-18
8574.653,1.311157e-17
8577.992,1.0477889999999999e-17
8581.332,1.9100820000000003e-18
8584.671999999999,1.427847e-18
8588.013,5.653078e-18
8591.353000000001,1.2405510000000002e-17
8594.694,4.885088e-18
8598.036,8.420931e-18
8601.377,7.943879e-18
8604.719000000001,-5.379624e-18
8608.062,7.264472e-18
8611.405,7.604577999999999e-18
8614.748,4.004511999999999e-18
8618.091,2.8485659999999994e-17
8621.435,2.0556970000000002e-17
8624.779,-8.05328e-18
8628.123,3.064228e-17
8631.468,1.061883e-17
8634.813,1.287282e-17
8638.159,2.191005e-18
8641.505,4.068448e-18
8644.851,8.458698e-18
8648.197,1.552354e-18
8651.544,7.193937e-18
8654.891,7.926735999999999e-18
8658.239,6.602557000000001e-18
8661.587,1.207434e-17
8664.935,1.7319970000000003e-17
8668.284,-9.201566e-18
8671.633,4.62394e-18
8674.982,-7.895015e-18
8678.332,2.3628189999999998e-17
8681.681999999999,-1.7784069999999998e-18
8685.032,1.9701559999999998e-17
8688.383,1.106983e-18
8691.734,1.168366e-17
8695.086,1.3867839999999998e-17
8698.437,9.05194e-18
8701.79,-3.1558799999999997e-19
8705.142,9.260873e-18
8708.495,1.1860039999999999e-17
8711.848,6.94695e-18
8715.202,8.035729e-18
8718.556,9.017652e-18
8721.91,2.422411e-18
8725.265,-6.976968999999999e-18
8728.62,-8.089473e-18
8731.975,2.2293890000000003e-17
8735.331,-1.622728e-17
8738.687,8.769305e-19
8742.044,8.395697e-18
8745.401,-3.3109100000000004e-18
8748.758,4.837432e-18
8752.116,2.664687e-18
8755.474,-5.633337e-18
8758.832,-1.720502e-17
8762.190999999999,1.4534029999999998e-17
8765.55,-1.398232e-17
8768.909,3.943646e-18
8772.269,4.426850000000001e-17
8775.63,1.803924e-17
8778.99,-1.2717609999999999e-17
8782.351,-1.4472e-18
8785.713,3.464426e-17
8789.074,1.731468e-17
8792.436,1.774977e-17
8795.799,2.5166379999999997e-18
8799.162,-5.806061e-18
8802.525,9.915229e-18
8805.889000000001,5.265474e-18
8809.253,2.818955e-18
8812.617,9.777987e-18
8815.982,1.389975e-17
8819.347,4.963337e-18
8822.713,1.437131e-17
8826.079,1.472465e-17
8829.445,1.568455e-17
8832.812,2.350699e-17
8836.179,2.4315189999999997e-17
8839.546,3.419759e-17
8842.914,6.122516e-18
8846.282,2.594477e-18
8849.651,-6.612371e-18
8853.02,1.8775029999999998e-17
8856.39,2.183083e-17
8859.759,1.3516329999999999e-17
8863.13,1.79655e-18
8866.5,7.66792e-19
8869.871,9.959759e-18
8873.243,-2.093462e-18
8876.614,1.536692e-17
8879.987,7.085465e-18
8883.359,5.275224e-18
8886.732,1.0866310000000002e-17
8890.106,2.673817e-17
8893.479,2.7163759999999998e-17
8896.854,6.974982e-18
8900.228000000001,7.639615e-19
8903.603000000001,-3.363455e-18
8906.979,1.093451e-17
8910.355,1.6608299999999998e-17
8913.731,4.7363770000000006e-17
8917.107,3.5027859999999996e-17
8920.484,9.896093e-18
8923.862,1.112457e-17
8927.24,1.1078419999999999e-17
8930.618,1.203722e-17
8933.997,-1.118781e-17
8937.376,1.519735e-17
8940.755,1.125632e-17
8944.135,1.864995e-18
8947.515,-6.532496e-18
8950.896,2.2496039999999997e-17
8954.277,1.601861e-17
8957.659,3.3367640000000006e-17
8961.041,1.6860659999999999e-18
8964.423,-3.068384e-17
8967.806,1.2362269999999999e-17
8971.189,2.653659e-17
8974.573,1.2783039999999998e-17
8977.957,1.812429e-18
8981.341999999999,2.2938130000000003e-18
8984.726,3.884378e-18
8988.112,2.477647e-17
8991.498,1.576361e-17
8994.884,1.925861e-17
8998.27,-1.1349e-18
9001.657,2.682366e-18
9005.045,1.927424e-17
9008.433,2.7688179999999995e-17
9011.821,-1.564256e-17
9015.21,1.2516649999999999e-17
9018.599,4.2814620000000006e-17
9021.989,1.2697060000000001e-17
9025.379,1.115067e-17
9028.769,4.453394e-18
9032.16,1.65594e-17
9035.551,3.4082840000000003e-18
9038.943000000001,1.2653230000000002e-17
9042.335,1.6407089999999998e-17
9045.728000000001,2.885659e-17
9049.121,9.289915e-18
9052.515,2.158551e-18
9055.909,2.603791e-18
9059.303,3.048904e-18
9062.698,3.494272e-18
9066.093,2.323419e-18
9069.489,2.53366e-18
9072.885,-3.6217e-18
9076.282,-7.395133e-18
9079.679,1.2600830000000002e-17
9083.077,7.442686e-18
9086.474,2.12218e-17
9089.873,-1.2794979999999998e-18
9093.271999999999,1.125328e-17
9096.671,2.4340870000000002e-17
9100.071,2.843611e-17
9103.471,2.566114e-17
9106.872,6.125525e-19
9110.273000000001,5.463944e-18
9113.675,1.838388e-18
9117.077,6.5362859999999995e-18
9120.479,5.364937e-20
9123.882,4.311334e-18
9127.285,4.409613e-18
9130.689,9.472345999999999e-18
9134.094000000001,1.278293e-17
9137.498,1.274121e-17
