observation_id,field_id,filter,obstime,limmag,exposure_time
2,819,ztfr,2019-04-25T08:18:18.002869,20.46240,30
3,790,ztfr,2019-04-25T08:18:58.999669,20.95360,30
4,756,ztfr,2019-04-25T08:19:38.000624,21.05510,30
5,716,ztfr,2019-04-25T08:20:17.001620,20.80920,30
6,717,ztfr,2019-04-25T08:20:56.996173,21.01210,30
7,718,ztfr,2019-04-25T08:21:36.999376,21.04400,30
8,757,ztfr,2019-04-25T08:22:16.000331,20.91480,30
9,791,ztfr,2019-04-25T08:22:56.003534,20.87950,30
10,821,ztfr,2019-04-25T08:23:34.002241,20.81360,30
11,792,ztfr,2019-04-25T08:24:13.996794,20.86410,30
12,758,ztfr,2019-04-25T08:24:52.997749,21.20730,30
13,719,ztfr,2019-04-25T08:25:31.998704,21.12190,30
14,823,ztfr,2019-04-25T08:26:17.998093,21.00780,30
15,846,ztfr,2019-04-25T08:26:55.996800,20.97610,30
16,824,ztfr,2019-04-25T08:27:40.000303,21.11930,30
17,795,ztfr,2019-04-25T08:28:19.001299,21.08850,30
18,825,ztfr,2019-04-25T08:29:41.997107,20.81390,30
19,796,ztfr,2019-04-25T08:30:20.998062,20.92140,30
20,587,ztfr,2019-04-25T08:31:17.002546,20.42970,30
21,635,ztfr,2019-04-25T08:31:56.003501,20.65290,30
22,681,ztfr,2019-04-25T08:32:34.995847,20.68680,30
23,682,ztfr,2019-04-25T08:33:14.999050,20.82510,30
24,683,ztfr,2019-04-25T08:33:55.002252,20.77080,30
25,684,ztfr,2019-04-25T08:34:34.003208,20.66730,30
26,726,ztfr,2019-04-25T08:35:13.004163,20.67330,30
27,765,ztfr,2019-04-25T08:35:51.996468,20.49130,30
28,766,ztfr,2019-04-25T08:36:33.001918,20.61570,30
29,827,ztfr,2019-04-25T08:37:15.000966,20.73180,30
30,798,ztfr,2019-04-25T08:37:54.001922,20.88540,30
31,764,ztfr,2019-04-25T08:38:33.002877,20.99390,30
32,725,ztfr,2019-04-25T08:39:12.003832,20.91770,30
33,763,ztfr,2019-04-25T08:39:50.996177,20.96270,30
34,797,ztfr,2019-04-25T08:40:29.997133,20.97110,30
35,825,ztfr,2019-04-25T08:42:28.002246,20.88210,30
36,796,ztfr,2019-04-25T08:43:07.003201,20.92560,30
37,824,ztfr,2019-04-25T08:43:49.002249,21.05960,30
38,847,ztfr,2019-04-25T08:44:28.003204,20.96240,30
39,846,ztfr,2019-04-25T08:45:11.998098,20.94860,30
40,822,ztfr,2019-04-25T08:45:53.003508,20.86820,30
41,823,ztfr,2019-04-25T08:46:35.996153,20.97570,30
42,794,ztfr,2019-04-25T08:47:14.997109,21.06900,30
43,795,ztfr,2019-04-25T08:47:56.002559,21.13370,30
44,761,ztfr,2019-04-25T08:48:35.003514,20.83880,30
45,762,ztfr,2019-04-25T08:49:16.000315,20.76850,30
46,722,ztfr,2019-04-25T08:49:56.997115,21.14790,30
47,723,ztfr,2019-04-25T08:50:37.000318,21.11540,30
48,680,ztfr,2019-04-25T08:51:16.001273,20.93450,30
49,679,ztfr,2019-04-25T08:51:55.995826,21.01700,30
50,634,ztfr,2019-04-25T08:52:38.003524,20.92630,30
51,633,ztfr,2019-04-25T08:53:17.998077,20.81010,30
52,587,ztfr,2019-04-25T09:04:04.995855,20.25520,30
53,684,ztfr,2019-04-25T09:09:24.001930,20.43900,30
54,726,ztfr,2019-04-25T09:10:03.996482,20.62050,30
55,765,ztfr,2019-04-25T09:10:42.003840,20.64390,30
56,766,ztfr,2019-04-25T09:11:23.000641,20.75280,30
57,827,ztfr,2019-04-25T09:12:04.999689,20.66930,30
58,798,ztfr,2019-04-25T09:12:44.000644,20.85590,30
59,764,ztfr,2019-04-25T09:13:23.001599,21.06720,30
60,797,ztfr,2019-04-25T09:14:02.002554,21.03750,30
61,825,ztfr,2019-04-25T09:16:01.001265,21.06360,30
62,847,ztfr,2019-04-25T09:16:41.998065,20.95850,30
63,795,ztfr,2019-04-25T09:17:23.997113,21.13670,30
64,632,ztfr,2019-04-25T09:18:36.002879,21.10940,30
65,632,ztfg,2019-04-25T09:21:10.002244,20.93250,30
66,584,ztfr,2019-04-25T09:23:41.997115,20.91230,30
67,584,ztfg,2019-04-25T09:26:11.996140,20.89500,30
68,677,ztfr,2019-04-25T09:28:46.004156,21.04510,30
69,677,ztfg,2019-04-25T09:31:24.997420,21.04440,30
70,534,ztfg,2019-04-25T09:32:37.996783,20.55700,30
71,534,ztfr,2019-04-25T09:35:03.001910,20.67530,30
72,483,ztfr,2019-04-25T09:35:42.002866,20.68340,30
73,483,ztfg,2019-04-25T09:38:01.996796,20.51080,30
74,678,ztfg,2019-04-25T09:39:02.001620,20.88460,30
75,678,ztfr,2019-04-25T09:41:41.003534,20.99810,30
76,432,ztfr,2019-04-25T09:42:54.002896,20.57290,30
77,432,ztfg,2019-04-25T09:45:09.002888,20.38670,30
78,631,ztfr,2019-04-25T09:47:33.999366,20.89580,30
79,631,ztfg,2019-04-25T09:50:07.998732,20.99700,30
80,676,ztfr,2019-04-25T09:52:44.002553,21.06520,30
81,676,ztfg,2019-04-25T09:55:23.998064,20.92760,30
82,585,ztfg,2019-04-25T09:56:36.997426,20.98600,30
83,585,ztfr,2019-04-25T09:59:06.002895,20.83130,30
84,633,ztfg,2019-04-25T10:01:37.997765,20.95050,30
85,633,ztfr,2019-04-25T10:04:11.997131,21.08280,30
86,380,ztfr,2019-04-25T10:05:01.003182,20.35850,30
87,380,ztfg,2019-04-25T10:07:12.002874,20.33220,30
88,720,ztfr,2019-04-25T10:09:39.003847,20.37140,30
89,720,ztfg,2019-04-25T10:12:21.997451,21.10440,30
90,679,ztfg,2019-04-25T10:13:06.000954,20.91330,30
91,679,ztfg,2019-04-25T10:13:45.001909,20.88160,30
92,719,ztfg,2019-04-25T10:14:32.997102,20.69960,30
93,719,ztfg,2019-04-25T10:15:11.998098,20.77730,30
94,330,ztfg,2019-04-25T10:16:27.001915,19.98280,30
95,330,ztfg,2019-04-25T10:17:06.002871,20.01620,30
96,535,ztfg,2019-04-25T10:17:52.995856,20.67930,30
97,535,ztfg,2019-04-25T10:18:31.996812,20.70930,30
98,721,ztfg,2019-04-25T10:19:49.998722,20.96830,30
99,721,ztfg,2019-04-25T10:20:28.999677,21.04940,30
100,718,ztfg,2019-04-25T10:21:17.003521,20.58460,30
101,718,ztfg,2019-04-25T10:21:55.002228,20.62640,30
102,484,ztfg,2019-04-25T10:23:13.004179,20.60000,30
103,484,ztfg,2019-04-25T10:23:51.996484,20.56360,30
104,675,ztfg,2019-04-25T10:25:05.998094,20.73510,30
105,675,ztfg,2019-04-25T10:25:44.999050,20.85730,30
106,381,ztfg,2019-04-25T10:26:56.996165,20.15140,30
107,381,ztfg,2019-04-25T10:27:35.997120,20.31690,30
108,673,ztfg,2019-04-25T10:28:48.996482,20.63880,30
109,673,ztfg,2019-04-25T10:29:27.997438,20.58870,30
110,759,ztfg,2019-04-25T10:30:17.003529,20.86470,30
111,759,ztfg,2019-04-25T10:30:55.995834,20.90260,30
112,433,ztfg,2019-04-25T10:32:19.000332,20.42220,30
113,433,ztfg,2019-04-25T10:32:58.001288,20.31210,30
114,792,ztfg,2019-04-25T10:34:24.003839,20.70930,30
115,792,ztfg,2019-04-25T10:35:02.002546,20.76500,30
116,758,ztfg,2019-04-25T10:35:41.003501,20.83490,30
117,758,ztfg,2019-04-25T10:36:19.995847,20.84610,30
118,674,ztfg,2019-04-25T10:37:03.999350,20.48230,30
119,674,ztfg,2019-04-25T10:37:44.002553,20.51810,30
120,634,ztfg,2019-04-25T10:38:45.000975,20.82140,30
121,634,ztfg,2019-04-25T10:39:24.001930,20.85950,30
122,791,ztfg,2019-04-25T10:40:43.999685,20.72330,30
123,791,ztfg,2019-04-25T10:41:23.000641,20.69820,30
124,586,ztfg,2019-04-25T10:42:44.000644,20.76960,30
125,586,ztfg,2019-04-25T10:43:23.001599,20.82100,30
126,680,ztfg,2019-04-25T10:44:18.997433,20.96100,30
127,680,ztfg,2019-04-25T10:44:57.998388,20.93970,30
128,793,ztfg,2019-04-25T10:45:50.002572,20.84100,30
129,793,ztfg,2019-04-25T10:46:29.003527,20.80630,30
130,717,ztfg,2019-04-25T10:47:15.002875,20.41390,30
131,717,ztfg,2019-04-25T10:47:54.003831,20.48330,30
132,722,ztfg,2019-04-25T10:48:48.003860,20.89190,30
133,722,ztfg,2019-04-25T10:49:26.996165,20.99620,30
134,760,ztfg,2019-04-25T10:50:09.003823,20.95340,30
135,381,ztfg,2019-04-25T10:51:27.999371,20.14210,30
136,673,ztfg,2019-04-25T10:52:39.996486,20.42470,30
137,759,ztfg,2019-04-25T10:53:28.000329,20.89800,30
138,433,ztfg,2019-04-25T10:54:47.998085,20.51840,30
139,792,ztfg,2019-04-25T10:56:10.000336,20.60810,30
140,758,ztfg,2019-04-25T10:56:49.001291,20.78780,30
141,674,ztfg,2019-04-25T10:57:31.000339,20.34890,30
142,634,ztfg,2019-04-25T10:58:29.000628,20.95980,30
143,791,ztfg,2019-04-25T10:59:37.999690,20.62750,30
144,586,ztfg,2019-04-25T11:00:53.003508,20.80060,30
145,680,ztfg,2019-04-25T11:01:50.001589,21.01180,30
146,793,ztfg,2019-04-25T11:02:40.001278,20.76220,30
147,717,ztfg,2019-04-25T11:03:27.002874,20.34900,30
148,722,ztfg,2019-04-25T11:04:21.002862,20.88820,30
149,760,ztfg,2019-04-25T11:05:01.999663,20.92410,30
150,757,ztfg,2019-04-25T11:05:50.997104,20.79180,30
151,536,ztfg,2019-04-25T11:07:07.003209,20.70840,30
152,794,ztfg,2019-04-25T11:08:29.999058,20.63670,30
153,761,ztfg,2019-04-25T11:09:10.002220,20.89150,30
154,382,ztfg,2019-04-25T11:10:32.998069,20.12250,30
155,625,ztfg,2019-04-25T11:11:45.003834,19.79790,30
156,756,ztfg,2019-04-25T11:12:28.998727,20.40940,30
157,672,ztfg,2019-04-25T11:13:10.997775,20.01640,30
158,790,ztfg,2019-04-25T11:13:55.001278,20.52640,30
159,755,ztfg,2019-04-25T11:14:34.002233,20.13680,30
160,632,ztfr,2019-04-25T11:17:39.001914,21.05820,30
161,584,ztfr,2019-04-25T11:18:18.996466,20.96960,30
162,677,ztfr,2019-04-25T11:19:08.002557,20.90250,30
163,534,ztfr,2019-04-25T11:20:02.002546,20.89010,30
164,483,ztfr,2019-04-25T11:20:41.003501,20.41120,30
165,678,ztfr,2019-04-25T11:21:39.003831,21.02260,30
166,432,ztfr,2019-04-25T11:22:40.995850,20.69420,30
167,631,ztfr,2019-04-25T11:23:37.000334,21.02010,30
168,676,ztfr,2019-04-25T11:24:20.001589,20.80040,30
169,585,ztfr,2019-04-25T11:25:11.003526,20.89950,30
170,633,ztfr,2019-04-25T11:25:52.000326,20.88160,30
171,380,ztfr,2019-04-25T11:26:43.995860,20.48140,30
172,720,ztfr,2019-04-25T11:27:49.003192,20.98220,30
173,679,ztfr,2019-04-25T11:28:31.995837,20.89260,30
174,719,ztfr,2019-04-25T11:29:19.999681,20.90940,30
175,330,ztfr,2019-04-25T11:30:27.996495,20.06610,30
176,535,ztfr,2019-04-25T11:31:13.995844,20.58410,30
177,721,ztfr,2019-04-25T11:32:15.996473,21.07080,30
178,718,ztfr,2019-04-25T11:33:04.000316,20.78910,30
179,484,ztfr,2019-04-25T11:34:10.001286,20.78290,30
180,675,ztfr,2019-04-25T11:35:15.000008,20.52460,30
181,381,ztfr,2019-04-25T11:36:19.998730,20.42970,30
182,673,ztfr,2019-04-25T11:37:34.000300,20.41090,30
183,759,ztfr,2019-04-25T11:38:22.004144,20.77400,30
184,433,ztfr,2019-04-25T11:39:34.001299,20.65350,30
185,792,ztfr,2019-04-25T11:40:49.998714,20.67360,30
186,758,ztfr,2019-04-25T11:41:28.999669,20.66310,30
187,674,ztfr,2019-04-25T11:42:10.998717,20.26150,30
188,634,ztfr,2019-04-25T11:43:08.999046,20.85590,30
189,791,ztfr,2019-04-25T11:44:06.999376,20.52490,30
190,586,ztfr,2019-04-25T11:45:10.995850,20.98030,30
191,680,ztfr,2019-04-25T11:46:01.004148,20.91660,30
192,793,ztfr,2019-04-25T11:46:50.001589,20.60150,30
193,717,ztfr,2019-04-25T11:47:36.000978,20.29040,30
194,722,ztfr,2019-04-25T11:48:31.003214,20.79180,30
195,760,ztfr,2019-04-25T11:49:12.000014,20.95420,30
196,757,ztfr,2019-04-25T11:50:00.997455,20.43780,30
197,536,ztfr,2019-04-25T11:51:08.000633,20.85970,30
198,794,ztfr,2019-04-25T11:52:20.999995,20.95660,30
199,761,ztfr,2019-04-25T11:53:01.003198,20.96550,30
200,382,ztfr,2019-04-25T11:54:14.996158,20.16850,30
201,583,ztfg,2019-04-25T11:56:34.998738,20.55830,30
202,756,ztfr,2019-04-25T11:59:38.996171,20.08050,30
203,762,ztfg,2019-04-25T12:02:52.998740,20.40370,30
204,790,ztfr,2019-04-25T12:06:04.003216,19.88400,30
205,479,ztfg,2019-04-25T12:09:17.997134,19.58010,30
206,716,ztfg,2019-04-26T04:38:32.999994,20.75390,30
207,717,ztfg,2019-04-26T04:39:13.003196,20.63010,30
208,756,ztfg,2019-04-26T04:41:15,20.67300,30
209,821,ztfg,2019-04-26T04:43:17.999051,20.69330,30
210,721,ztfg,2019-04-26T04:44:06.996492,20.83870,30
211,846,ztfg,2019-04-26T04:44:53.998088,21.15500,30
212,845,ztfg,2019-04-26T04:45:38.001591,20.78530,30
213,790,ztfg,2019-04-26T04:48:16.001297,20.84420,30
214,820,ztfg,2019-04-26T04:48:55.002252,20.67660,30
215,819,ztfg,2019-04-26T04:51:00.999356,20.63530,30
216,789,ztfg,2019-04-26T04:51:40.000311,21.05150,30
217,632,ztfg,2019-04-26T05:04:49.998722,21.08270,30
218,677,ztfg,2019-04-26T05:06:32.996152,21.25620,30
219,678,ztfg,2019-04-26T05:08:13.004179,21.38770,30
220,631,ztfg,2019-04-26T05:09:52.001268,21.71320,30
221,676,ztfg,2019-04-26T05:11:34.998738,21.57950,30
222,679,ztfg,2019-04-26T05:13:21.002871,21.61270,30
223,720,ztfg,2019-04-26T05:15:05.002548,21.40940,30
224,719,ztfg,2019-04-26T05:16:45.001925,21.51540,30
225,721,ztfg,2019-04-26T05:18:29.001602,21.13650,30
226,718,ztfg,2019-04-26T05:20:17.001620,21.75790,30
227,675,ztfg,2019-04-26T05:21:55.998709,21.78430,30
228,759,ztfg,2019-04-26T05:23:38.996179,21.31940,30
229,673,ztfg,2019-04-26T05:25:26.996157,22.07910,30
230,792,ztfg,2019-04-26T05:27:17.000629,21.78640,30
231,758,ztfg,2019-04-26T05:28:55.997759,21.86050,30
232,633,ztfg,2019-04-26T05:30:46.995829,20.80380,30
233,674,ztfg,2019-04-26T05:32:42.002890,21.94170,30
234,791,ztfg,2019-04-26T05:34:34.003208,21.80300,30
235,584,ztfg,2019-04-26T05:36:29.001618,21.26010,30
236,680,ztfg,2019-04-26T05:38:22.004144,20.90410,30
237,717,ztfg,2019-04-26T05:40:18.998399,22.08760,30
238,722,ztfg,2019-04-26T05:42:13.003213,21.81170,30
239,760,ztfg,2019-04-26T05:43:53.996147,21.94770,30
240,757,ztfg,2019-04-26T05:45:42.998412,21.73210,30
241,794,ztfg,2019-04-26T05:47:32.000637,21.76540,30
242,761,ztfg,2019-04-26T05:49:12.000014,21.90460,30
243,625,ztfg,2019-04-26T05:51:13.996818,21.92340,30
244,756,ztfg,2019-04-26T05:53:29.999058,21.96500,30
245,672,ztfg,2019-04-26T05:55:12.002890,22.11440,30
246,790,ztfg,2019-04-26T05:57:12.997446,22.06800,30
247,583,ztfg,2019-04-26T05:59:16.998704,21.77110,30
248,755,ztfg,2019-04-26T06:01:21.000003,22.10190,30
249,634,ztfg,2019-04-26T06:03:26.003509,21.54100,30
250,479,ztfg,2019-04-26T06:05:14.997125,21.77060,30
251,585,ztfg,2019-04-26T06:07:02.997102,21.63690,30
252,762,ztfg,2019-04-26T06:08:49.001275,21.45940,30
253,795,ztfg,2019-04-26T06:10:29.000652,21.87840,30
254,630,ztfg,2019-04-26T06:12:19.998722,22.07470,30
255,534,ztfg,2019-04-26T06:14:06.002895,21.36240,30
256,723,ztfg,2019-04-26T06:15:53.000624,21.72470,30
257,530,ztfg,2019-04-26T06:17:46.003190,21.79910,30
258,716,ztfg,2019-04-26T06:19:53.002541,21.82030,30
259,624,ztfg,2019-04-26T06:22:04.002233,21.84480,30
260,478,ztfg,2019-04-26T06:24:12.997430,21.70490,30
261,822,ztfg,2019-04-26T06:26:24.999369,21.77300,30
262,724,ztfg,2019-04-26T06:28:19.004142,21.58860,30
263,823,ztfg,2019-04-26T06:30:07.004160,21.93180,30
264,482,ztfg,2019-04-26T06:32:09.000963,21.63290,30
265,529,ztfg,2019-04-26T06:33:58.996786,21.49310,30
266,821,ztfg,2019-04-26T06:36:14.999025,21.91980,30
267,763,ztfg,2019-04-26T06:38:13.997777,21.61640,30
268,586,ztfg,2019-04-26T06:40:01.997754,21.51110,30
269,428,ztfg,2019-04-26T06:41:52.002227,21.13220,30
270,480,ztfg,2019-04-26T06:43:30.999356,21.21800,30
271,682,ztfg,2019-04-26T06:45:25.004169,21.54600,30
272,535,ztfg,2019-04-26T06:47:09.003847,20.86840,30
273,429,ztfg,2019-04-26T06:48:54.999369,20.89220,30
274,796,ztfg,2019-04-26T06:50:59.000628,21.41620,30
275,681,ztfg,2019-04-26T06:52:44.002553,20.98670,30
276,483,ztfg,2019-04-26T06:54:31.000323,21.19940,30
277,477,ztfg,2019-04-26T06:56:24.996486,21.69790,30
278,431,ztfg,2019-04-26T06:58:16.003206,20.54200,30
279,725,ztfg,2019-04-26T07:00:11.001617,20.59530,30
280,533,ztfg,2019-04-26T07:02:01.999687,21.04840,30
281,531,ztfg,2019-04-26T07:03:44.997117,21.81700,30
282,427,ztfg,2019-04-26T07:05:28.003196,21.74350,30
283,629,ztfg,2019-04-26T07:07:13.998719,21.97810,30
284,824,ztfg,2019-04-26T07:09:18.000018,21.73520,30
285,636,ztfg,2019-04-26T07:11:08.998088,20.48780,30
286,683,ztfg,2019-04-26T07:12:48.003827,20.91320,30
287,635,ztfg,2019-04-26T07:14:29.999050,21.38170,30
288,536,ztfg,2019-04-26T07:16:12.002882,21.01670,30
289,820,ztfg,2019-04-26T07:18:23.002574,21.98150,30
290,587,ztfg,2019-04-26T07:20:31.997770,21.22830,30
291,377,ztfg,2019-04-26T07:22:26.002543,21.60280,30
292,484,ztfg,2019-04-26T07:24:15.998406,21.40420,30
293,628,ztfg,2019-04-26T07:26:13.001271,22.02300,30
294,754,ztfg,2019-04-26T07:28:34.999697,22.06810,30
295,432,ztfg,2019-04-26T07:31:07.003217,21.47360,30
296,715,ztfg,2019-04-26T07:33:37.995840,22.05970,30
297,580,ztfg,2019-04-26T07:35:55.000328,22.16370,30
298,378,ztfg,2019-04-26T07:37:40.995850,21.54130,30
299,528,ztfg,2019-04-26T07:39:31.000323,21.83150,30
300,581,ztfg,2019-04-26T07:41:19.000300,22.18260,30
301,626,ztfg,2019-04-26T07:43:24.997444,21.94780,30
302,764,ztfg,2019-04-26T07:45:54.996470,21.75160,30
303,637,ztfg,2019-04-26T07:47:39.998395,21.59080,30
304,380,ztfg,2019-04-26T07:49:33.000960,21.49900,30
305,588,ztfg,2019-04-26T07:51:22.996783,21.54260,30
306,537,ztfg,2019-04-26T07:53:02.002562,21.60260,30
307,627,ztfg,2019-04-26T07:55:20.000647,22.01160,30
308,582,ztfg,2019-04-26T07:57:26.999998,22.15480,30
309,485,ztfg,2019-04-26T07:59:19.000316,21.57200,30
310,575,ztfg,2019-04-26T08:01:42.000949,21.65490,30
311,846,ztfg,2019-04-26T08:03:54.002888,22.12190,30
312,433,ztfg,2019-04-26T08:06:06.998385,21.54020,30
313,726,ztfg,2019-04-26T08:08:01.003198,21.69980,30
314,426,ztfg,2019-04-26T08:10:17.999035,21.22540,30
315,789,ztfg,2019-04-26T08:12:35.003522,21.80940,30
316,797,ztfg,2019-04-26T08:14:47.999059,21.95890,30
317,825,ztfg,2019-04-26T08:16:27.998396,22.04010,30
318,329,ztfg,2019-04-26T08:18:42.998388,21.02500,30
319,532,ztfg,2019-04-26T08:20:29.996158,21.53900,30
320,381,ztfg,2019-04-26T08:22:16.000331,21.14120,30
321,589,ztfg,2019-04-26T08:24:06.998401,21.62940,30
322,538,ztfg,2019-04-26T08:25:46.004140,21.35100,30
323,430,ztfg,2019-04-26T08:27:37.002251,21.37700,30
324,845,ztfg,2019-04-26T08:30:04.003184,21.32860,30
325,486,ztfg,2019-04-26T08:32:19.003216,21.30640,30
326,476,ztfg,2019-04-26T08:34:27.998412,21.82130,30
327,481,ztfg,2019-04-26T08:36:23.999030,21.63270,30
328,376,ztfg,2019-04-26T08:38:09.000955,21.67260,30
329,434,ztfg,2019-04-26T08:40:03.999366,21.07390,30
330,684,ztfg,2019-04-26T08:41:55.999684,21.17170,30
331,638,ztfg,2019-04-26T08:43:34.003216,20.99020,30
332,819,ztfg,2019-04-26T08:45:53.997105,21.11930,30
333,574,ztfg,2019-04-26T08:47:49.004166,21.12410,30
334,330,ztfg,2019-04-26T08:50:04.004158,20.90840,30
335,382,ztfg,2019-04-26T08:51:44.997133,21.22920,30
336,539,ztfg,2019-04-26T08:53:32.003513,21.15210,30
337,487,ztfg,2019-04-26T08:55:11.000642,21.37470,30
338,435,ztfg,2019-04-26T08:56:49.997772,21.32080,30
339,331,ztfg,2019-04-26T08:58:33.997449,20.85620,30
340,383,ztfg,2019-04-26T09:00:14.999034,20.97270,30
341,488,ztfg,2019-04-26T09:01:57.996463,20.99940,30
342,436,ztfg,2019-04-26T09:03:37.995840,20.88380,30
343,332,ztfg,2019-04-26T09:05:21.001920,19.86900,30
344,384,ztfg,2019-04-26T09:07:02.003505,20.60600,30
345,437,ztfg,2019-04-26T09:08:42.996479,20.79410,30
346,333,ztfg,2019-04-26T09:10:26.002559,19.58610,30
347,632,ztfr,2019-04-26T09:13:57.000006,21.75880,30
348,584,ztfr,2019-04-26T09:15:36.999343,21.20440,30
349,534,ztfr,2019-04-26T09:17:15.996473,21.14810,30
350,677,ztfr,2019-04-26T09:19:23.998072,21.60390,30
351,483,ztfr,2019-04-26T09:21:40.000311,20.80880,30
352,678,ztfr,2019-04-26T09:23:25.995834,21.48130,30
353,432,ztfr,2019-04-26T09:25:40.002228,19.70700,30
354,631,ztfr,2019-04-26T09:27:28.995844,21.50050,30
355,676,ztfr,2019-04-26T09:29:20.002564,21.41650,30
356,585,ztfr,2019-04-26T09:31:38.000649,20.89280,30
357,633,ztfr,2019-04-26T09:33:16.997778,21.21380,30
358,330,ztfr,2019-04-26T09:35:07.995848,20.61370,30
359,380,ztfr,2019-04-26T09:36:47.001588,19.18230,30
360,679,ztfr,2019-04-26T09:38:37.999698,20.42010,30
361,720,ztfr,2019-04-26T09:40:58.995835,20.51770,30
362,535,ztfr,2019-04-26T09:43:25.003211,19.92270,30
363,719,ztfr,2019-04-26T09:45:48.003843,20.74530,30
364,721,ztfr,2019-04-26T09:47:32.003521,20.92690,30
365,484,ztfr,2019-04-26T09:50:02.002546,19.96480,30
366,718,ztfr,2019-04-26T09:52:25.003219,20.63640,30
367,675,ztfr,2019-04-26T09:54:02.998061,20.25210,30
368,381,ztfr,2019-04-26T09:56:17.998093,20.89510,30
369,759,ztfr,2019-04-26T09:58:42.000973,20.92970,30
370,673,ztfr,2019-04-26T10:00:31.003198,20.41850,30
371,433,ztfr,2019-04-26T10:02:47.999035,20.43810,30
372,792,ztfr,2019-04-26T10:05:17.998061,20.22990,30
373,758,ztfr,2019-04-26T10:06:57.003840,20.35280,30
374,674,ztfr,2019-04-26T10:08:40.001270,21.50770,30
375,634,ztfr,2019-04-26T10:10:55.001262,21.09850,30
376,586,ztfr,2019-04-26T10:12:35.000639,21.14420,30
377,791,ztfr,2019-04-26T10:15:06.001912,21.18300,30
378,793,ztfr,2019-04-26T10:16:51.997434,21.46490,30
379,680,ztfr,2019-04-26T10:18:39.997452,21.49510,30
380,717,ztfr,2019-04-26T10:20:37.000318,21.29680,30
381,722,ztfr,2019-04-26T10:22:30.996481,21.85620,30
382,760,ztfr,2019-04-26T10:24:11.998065,21.78540,30
383,757,ztfr,2019-04-26T10:26:01.000331,21.69220,30
384,536,ztfr,2019-04-26T10:28:25.003211,21.59450,30
385,794,ztfr,2019-04-26T10:30:56.998082,21.81040,30
386,382,ztfr,2019-04-26T10:33:27.999355,21.09650,30
387,761,ztfr,2019-04-26T10:35:56.002575,21.92540,30
388,756,ztfr,2019-04-26T10:37:52.996791,21.48550,30
389,672,ztfr,2019-04-26T10:39:33.998415,21.18030,30
390,790,ztfr,2019-04-26T10:41:17.998093,21.31380,30
391,583,ztfr,2019-04-26T10:43:17.999051,21.73070,30
392,755,ztfr,2019-04-26T10:45:18.000010,21.19330,30
393,485,ztfr,2019-04-26T10:47:39.998395,21.48580,30
394,479,ztfr,2019-04-26T10:49:38.003508,21.22490,30
395,762,ztfr,2019-04-26T10:51:45.996497,21.57990,30
396,332,ztfr,2019-04-26T10:54:19.002225,20.81440,30
397,795,ztfr,2019-04-26T10:56:49.001291,21.38770,30
398,630,ztfr,2019-04-26T10:58:46.997754,20.65600,30
399,723,ztfr,2019-04-26T11:00:34.004174,21.64860,30
400,530,ztfr,2019-04-26T11:02:30.998390,20.75240,30
401,716,ztfr,2019-04-26T11:04:22.998708,20.74000,30
402,333,ztfr,2019-04-26T11:06:43.001288,20.24230,30
403,478,ztfr,2019-04-26T11:08:44.998091,21.28620,30
404,822,ztfr,2019-04-26T11:10:47.997102,21.43180,30
405,282,ztfr,2019-04-26T11:13:14.998075,20.50250,30
406,431,ztfr,2019-04-26T11:15:01.995845,21.34050,30
407,724,ztfr,2019-04-26T11:17:10.999692,21.28120,30
408,384,ztfr,2019-04-26T11:25:46.004140,20.83600,30
409,434,ztfr,2019-04-26T11:27:26.997115,20.85200,30
410,482,ztfr,2019-04-26T11:29:15.999340,21.38820,30
411,529,ztfr,2019-04-26T11:31:06.003853,20.65390,30
412,821,ztfr,2019-04-26T11:33:02.998069,21.22470,30
413,383,ztfr,2019-04-26T11:35:27.000949,21.09160,30
414,763,ztfr,2019-04-26T11:37:52.999674,21.46480,30
415,428,ztfr,2019-04-26T11:40:01.001273,21.15370,30
416,480,ztfr,2019-04-26T11:41:41.000650,20.96430,30
417,682,ztfr,2019-04-26T11:43:30.996473,21.49620,30
418,436,ztfr,2019-04-26T11:45:41.996165,21.13970,30
419,429,ztfr,2019-04-26T11:47:41.003526,21.07630,30
420,796,ztfr,2019-04-26T11:49:48.002877,21.49220,30
421,681,ztfr,2019-04-26T11:51:40.003195,21.25050,30
422,725,ztfr,2019-04-26T11:53:25.998717,21.26520,30
423,533,ztfr,2019-04-26T11:55:28.997768,21.38170,30
424,435,ztfr,2019-04-26T11:57:24.998387,21.05590,30
425,683,ztfr,2019-04-26T11:59:14.000652,21.48280,30
426,283,ztfr,2019-04-26T12:01:19.997756,20.22660,30
427,425,ztfi,2019-04-27T04:21:08.000633,19.40130,30
428,426,ztfi,2019-04-27T04:21:48.003835,19.51090,30
429,477,ztfi,2019-04-27T04:22:26.996140,19.52470,30
430,476,ztfi,2019-04-27T04:23:05.997136,19.92260,30
431,527,ztfi,2019-04-27T04:23:44.998091,20.39300,30
432,528,ztfi,2019-04-27T04:24:25.001294,19.92030,30
433,578,ztfi,2019-04-27T04:25:04.002249,20.20660,30
434,627,ztfi,2019-04-27T04:25:43.003204,20.37470,30
435,579,ztfi,2019-04-27T04:26:22.004160,20.16210,30
436,529,ztfi,2019-04-27T04:27:00.996465,19.54950,30
437,478,ztfi,2019-04-27T04:27:39.997420,19.39680,30
438,530,ztfi,2019-04-27T04:28:18.998415,19.74310,30
439,580,ztfi,2019-04-27T04:28:57.999371,19.85800,30
440,628,ztfi,2019-04-27T04:29:37.000326,19.97780,30
441,674,ztfi,2019-04-27T04:30:16.001281,20.19720,30
442,717,ztfg,2019-04-27T04:35:46.999687,21.24910,30
443,716,ztfg,2019-04-27T04:36:27.002890,21.06300,30
444,756,ztfg,2019-04-27T04:37:06.003845,21.19050,30
445,791,ztfg,2019-04-27T04:37:45.998398,21.04850,30
446,821,ztfg,2019-04-27T04:38:24.999353,20.93720,30
447,820,ztfg,2019-04-27T04:39:44.997109,21.11820,30
448,790,ztfg,2019-04-27T04:40:23.998064,21.12770,30
449,789,ztfg,2019-04-27T04:42:23.999022,21.23990,30
450,819,ztfg,2019-04-27T04:43:03.000018,21.06870,30
451,718,ztfg,2019-04-27T05:12:51.998401,20.93750,30
452,717,ztfg,2019-04-27T05:13:32.001604,20.95060,30
453,716,ztfg,2019-04-27T05:14:11.996157,20.64230,30
454,757,ztfg,2019-04-27T05:15:31.000315,20.80200,30
455,792,ztfg,2019-04-27T05:16:11.003518,20.73660,30
456,756,ztfg,2019-04-27T05:17:32.003521,20.89260,30
457,791,ztfg,2019-04-27T05:18:11.998073,20.65850,30
458,845,ztfg,2019-04-27T05:19:29.999984,20.83450,30
459,822,ztfg,2019-04-27T05:20:10.003187,21.01230,30
460,821,ztfg,2019-04-27T05:21:27.996487,20.94960,30
461,820,ztfg,2019-04-27T05:22:48.002893,20.96510,30
462,790,ztfg,2019-04-27T05:25:26.996157,20.78100,30
463,819,ztfg,2019-04-27T05:27:29.001610,20.74670,30
464,789,ztfg,2019-04-27T05:28:50.001613,21.13640,30
465,719,ztfg,2019-04-27T05:43:35.999021,20.97650,30
466,717,ztfg,2019-04-27T05:44:56.999024,21.06880,30
467,718,ztfg,2019-04-27T05:45:37.002227,21.19930,30
468,419,ztfg,2019-04-27T05:57:13.999693,21.99930,30
469,420,ztfg,2019-04-27T06:02:23.000633,22.18910,30
470,470,ztfg,2019-04-27T06:12:44.000644,22.22030,30
471,676,ztfr,2019-04-27T06:43:32.001604,21.23190,30
472,719,ztfr,2019-04-27T06:44:11.996157,21.11080,30
473,718,ztfr,2019-04-27T06:44:51.999359,21.17540,30
474,758,ztfr,2019-04-27T06:45:31.000315,21.36790,30
475,419,ztfr,2019-04-27T06:57:23.999022,21.98060,30
476,420,ztfr,2019-04-27T07:02:33.000002,21.95760,30
477,470,ztfr,2019-04-27T07:12:54.000013,21.76040,30
478,716,ztfr,2019-04-27T07:23:44.998091,21.10520,30
479,717,ztfr,2019-04-27T07:24:25.001294,20.98680,30
480,756,ztfr,2019-04-27T07:25:04.995847,21.16980,30
481,790,ztfr,2019-04-27T07:25:43.996802,20.95860,30
482,789,ztfr,2019-04-27T07:26:25.002252,20.94600,30
483,820,ztfr,2019-04-27T07:27:58.996794,21.00850,30
484,821,ztfr,2019-04-27T07:29:19.003200,21.09650,30
485,791,ztfr,2019-04-27T07:29:58.004155,21.19900,30
486,757,ztfr,2019-04-27T07:30:36.996460,21.14270,30
487,850,ztfr,2019-04-27T07:31:52.000318,21.75370,30
488,866,ztfr,2019-04-27T07:37:01.001297,21.72570,30
489,828,ztfr,2019-04-27T07:42:13.000329,21.90420,30
490,828,ztfg,2019-04-27T07:50:56.999056,21.86700,30
491,420,ztfg,2019-04-27T07:54:55.998725,21.70160,30
492,850,ztfg,2019-04-27T08:02:06.996468,21.89400,30
493,800,ztfg,2019-04-27T08:05:19.003192,21.74960,30
494,728,ztfg,2019-04-27T08:08:29.999058,21.25790,30
495,866,ztfg,2019-04-27T08:11:49.997772,22.03530,30
496,470,ztfg,2019-04-27T08:15:51.001936,21.56090,30
497,767,ztfg,2019-04-27T08:19:52.999698,21.86090,30
498,686,ztfg,2019-04-27T08:23:04.997772,21.65170,30
499,639,ztfg,2019-04-27T08:26:13.997752,21.57860,30
500,729,ztfg,2019-04-27T08:32:49.001283,21.82160,30
501,640,ztfg,2019-04-27T08:39:16.997770,21.54920,30
502,768,ztfg,2019-04-27T08:46:04.995839,21.72570,30
503,687,ztfg,2019-04-27T08:49:17.002562,21.69970,30
504,540,ztfg,2019-04-27T08:52:31.998729,21.76870,30
505,730,ztfg,2019-04-27T08:55:59.998083,21.57300,30
506,592,ztfg,2019-04-27T08:59:14.000652,21.72290,30
507,541,ztfg,2019-04-27T09:02:23.000633,21.59090,30
508,489,ztfg,2019-04-27T09:05:32.000653,21.41360,30
509,641,ztfg,2019-04-27T09:08:46.996820,21.58620,30
510,867,ztfg,2019-04-27T09:12:11.998082,21.70750,30
511,633,ztfg,2019-04-27T09:26:19.003184,21.37070,30
512,634,ztfg,2019-04-27T09:26:58.004179,21.37520,30
513,680,ztfg,2019-04-27T09:28:19.997780,21.37510,30
514,679,ztfg,2019-04-27T09:29:00.000942,21.40680,30
515,681,ztfg,2019-04-27T09:30:18.996491,21.30180,30
516,633,ztfg,2019-04-27T09:32:49.004166,21.47820,30
517,634,ztfg,2019-04-27T09:34:12.000014,21.34120,30
518,587,ztfg,2019-04-27T09:34:53.999022,21.15860,30
519,635,ztfg,2019-04-27T09:36:14.999025,21.27630,30
520,681,ztfg,2019-04-27T09:36:53.999981,21.32080,30
521,680,ztfg,2019-04-27T09:37:34.003184,21.40420,30
522,682,ztfg,2019-04-27T09:38:52.998732,21.24430,30
523,683,ztfg,2019-04-27T09:39:33.001935,20.63000,30
524,684,ztfg,2019-04-27T09:40:12.996487,21.11390,30
525,726,ztfg,2019-04-27T09:40:51.997443,21.30080,30
526,725,ztfg,2019-04-27T09:41:32.000645,21.31990,30
527,724,ztfg,2019-04-27T09:42:12.003848,21.28990,30
528,764,ztfg,2019-04-27T09:42:54.002896,21.10980,30
529,765,ztfg,2019-04-27T09:43:34.999697,20.83020,30
530,766,ztfg,2019-04-27T09:44:15.996497,21.00870,30
531,798,ztfg,2019-04-27T09:44:58.004155,21.15290,30
532,640,ztfr,2019-04-27T09:48:30.003850,21.70220,30
533,729,ztfr,2019-04-27T09:51:40.999676,21.54730,30
534,767,ztfr,2019-04-27T09:58:08.002566,21.63190,30
535,687,ztfr,2019-04-27T10:04:34.003208,21.69630,30
536,686,ztfr,2019-04-27T10:07:43.996786,21.39390,30
537,800,ztfr,2019-04-27T10:11:00.003850,21.84540,30
538,591,ztfr,2019-04-27T10:14:24.002864,21.53280,30
539,768,ztfr,2019-04-27T10:17:44.001618,21.68240,30
540,867,ztfr,2019-04-27T10:21:01.002240,21.55360,30
541,828,ztfr,2019-04-27T10:27:24.998387,21.88280,30
542,592,ztfr,2019-04-27T10:30:51.001936,20.25770,30
543,541,ztfr,2019-04-27T10:34:05.998062,21.41340,30
544,540,ztfr,2019-04-27T10:37:16.000331,21.77610,30
545,639,ztfr,2019-04-27T10:40:26.996157,21.88030,30
546,728,ztfr,2019-04-27T10:43:40.998725,21.80140,30
547,730,ztfr,2019-04-27T10:46:55.001294,21.72300,30
548,850,ztfr,2019-04-27T10:50:15.000008,21.96090,30
549,489,ztfr,2019-04-27T10:53:55.000303,21.44150,30
550,866,ztfr,2019-04-27T10:57:37.998732,21.84170,30
551,641,ztfr,2019-04-27T11:01:08.002541,21.73060,30
552,488,ztfr,2019-04-27T11:11:33.002893,21.61190,30
553,635,ztfr,2019-04-27T11:14:50.997112,21.03590,30
554,682,ztfr,2019-04-27T11:15:29.998067,20.86410,30
555,634,ztfr,2019-04-27T11:16:11.997115,21.21220,30
556,681,ztfr,2019-04-27T11:16:50.998070,21.18130,30
557,762,ztfr,2019-04-27T11:17:40.997759,21.09470,30
558,724,ztfr,2019-04-27T11:18:21.000962,21.09110,30
559,763,ztfr,2019-04-27T11:19:00.001917,21.21450,30
560,796,ztfr,2019-04-27T11:19:39.002872,21.12600,30
561,825,ztfr,2019-04-27T11:20:18.003827,20.75630,30
562,797,ztfr,2019-04-27T11:22:14.998083,21.18810,30
563,764,ztfr,2019-04-27T11:23:35.998086,21.27710,30
564,725,ztfr,2019-04-27T11:24:14.999042,21.25170,30
565,798,ztfr,2019-04-27T11:24:58.000337,21.04760,30
566,827,ztfr,2019-04-27T11:26:55.003203,21.20350,30
567,765,ztfr,2019-04-27T11:29:33.996466,20.94720,30
568,726,ztfr,2019-04-27T11:30:13.999669,21.18340,30
569,647,ztfr,2019-04-27T11:37:08.002574,20.00360,30
570,693,ztfr,2019-04-27T11:37:47.003529,20.37580,30
571,598,ztfr,2019-04-27T11:39:09.999377,19.74200,30
572,646,ztfr,2019-04-27T11:40:41.998073,20.18260,30
573,692,ztfr,2019-04-27T11:41:20.999029,20.52570,30
574,772,ztfr,2019-04-27T11:42:02.998077,20.05560,30
575,647,ztfr,2019-04-27T11:42:47.001620,20.09050,30
576,693,ztfr,2019-04-27T11:43:26.002575,20.25510,30
577,640,ztfg,2019-04-27T11:47:53.998064,21.32470,30
578,729,ztfg,2019-04-27T11:50:08.998096,21.48380,30
579,767,ztfg,2019-04-27T11:52:19.004150,21.52130,30
580,800,ztfg,2019-04-27T11:54:26.997139,21.43770,30
581,686,ztfg,2019-04-27T11:56:46.999679,21.22210,30
582,687,ztfg,2019-04-27T11:58:56.997123,21.13880,30
583,591,ztfg,2019-04-27T12:03:49.003184,20.81600,30
584,768,ztfg,2019-04-27T12:06:19.995847,20.52720,30
585,799,ztfg,2019-04-28T06:54:09.996494,21.78200,30
586,766,ztfg,2019-04-28T06:59:26.998073,21.13480,30
587,799,ztfr,2019-04-28T07:07:34.000300,19.98160,30
588,766,ztfr,2019-04-28T07:12:48.997425,21.64650,30
589,728,ztfg,2019-04-28T07:25:27.001923,21.66720,30
590,728,ztfr,2019-04-28T07:33:29.001602,21.26860,30
591,866,ztfg,2019-04-28T07:41:32.997126,21.36000,30
592,850,ztfg,2019-04-28T07:46:41.998065,21.55020,30
593,828,ztfg,2019-04-28T07:51:50.999045,21.81530,30
594,800,ztfg,2019-04-28T07:56:58.997777,21.63380,30
595,767,ztfg,2019-04-28T08:02:09.000963,21.60000,30
596,639,ztfg,2019-04-28T08:07:22.995840,21.63180,30
597,686,ztfg,2019-04-28T08:12:31.996820,21.58970,30
598,729,ztfg,2019-04-28T08:17:40.997759,21.94240,30
